dates,open,high,low,close,adj close,volume
11/22/2016,27.987499,28.105,27.85,27.950001,26.308825,103862000
11/23/2016,27.84,27.877501,27.5825,27.807501,26.174698,109705600
11/25/2016,27.782499,27.967501,27.737499,27.9475,26.306477,45903600
11/28/2016,27.8575,28.1175,27.8475,27.8925,26.254704,108776000
11/29/2016,27.695,28.0075,27.5175,27.865,26.228815,114115200
11/30/2016,27.9,28.049999,27.567499,27.629999,26.007618,144649200
12/1/2016,27.592501,27.735001,27.2575,27.372499,25.765236,148347600
12/2/2016,27.2925,27.522499,27.2125,27.475,25.861719,106112000
12/5/2016,27.5,27.5075,27.0625,27.2775,25.675816,137298000
12/6/2016,27.375,27.59,27.297501,27.487499,25.87348,104782000
12/7/2016,27.315001,27.797501,27.290001,27.7575,26.127634,119994800
12/8/2016,27.715,28.1075,27.65,28.030001,26.384134,108273200
12/9/2016,28.077499,28.674999,28.077499,28.487499,26.814766,137610400
12/12/2016,28.3225,28.75,28.122499,28.325001,26.66181,105497600
12/13/2016,28.459999,28.98,28.4375,28.797501,27.106564,174935200
12/14/2016,28.76,29.049999,28.745001,28.797501,27.106564,136127200
12/15/2016,28.844999,29.182501,28.807501,28.955,27.254814,186098000
12/16/2016,29.1175,29.125,28.9125,28.9925,27.290112,177404400
12/19/2016,28.950001,29.344999,28.9375,29.16,27.447775,111117600
12/20/2016,29.184999,29.375,29.17,29.237499,27.520731,85700000
12/21/2016,29.200001,29.35,29.195,29.264999,27.54661,95132800
12/22/2016,29.0875,29.127501,28.91,29.0725,27.365416,104343600
12/23/2016,28.897499,29.129999,28.897499,29.129999,27.41954,56998000
12/27/2016,29.129999,29.450001,29.122499,29.315001,27.593674,73187600
12/28/2016,29.379999,29.504999,29.049999,29.190001,27.476019,83623600
12/29/2016,29.112499,29.2775,29.1,29.182501,27.46896,60158000
12/30/2016,29.1625,29.299999,28.8575,28.955,27.254814,122345200
1/3/2017,28.950001,29.0825,28.690001,29.0375,27.332468,115127600
1/4/2017,28.9625,29.127501,28.9375,29.004999,27.301878,84472400
1/5/2017,28.98,29.215,28.952499,29.1525,27.440722,88774400
1/6/2017,29.195,29.540001,29.1175,29.477501,27.746632,127007600
1/9/2017,29.487499,29.8575,29.485001,29.747499,28.000782,134247600
1/10/2017,29.692499,29.844999,29.575001,29.7775,28.029018,97848400
1/11/2017,29.684999,29.9825,29.65,29.9375,28.179625,110354400
1/12/2017,29.725,29.825001,29.5525,29.8125,28.061966,108344800
1/13/2017,29.7775,29.905001,29.702499,29.76,28.01255,104447600
1/17/2017,29.584999,30.059999,29.555,30,28.238455,137759200
1/18/2017,30,30.125,29.9275,29.997499,28.236103,94852000
1/19/2017,29.85,30.022499,29.842501,29.945,28.186682,102389200
1/20/2017,30.112499,30.112499,29.932501,30,28.238455,130391600
1/23/2017,30,30.202499,29.942499,30.02,28.25728,88200800
1/24/2017,29.887501,30.025,29.875,29.9925,28.231396,92844000
1/25/2017,30.105,30.525,30.07,30.469999,28.680851,129510400
1/26/2017,30.4175,30.610001,30.4,30.485001,28.694977,105350400
1/27/2017,30.535,30.5875,30.4,30.487499,28.697327,82251600
1/30/2017,30.2325,30.407499,30.165001,30.407499,28.622026,121510000
1/31/2017,30.2875,30.3475,30.155001,30.3375,28.556139,196804000
2/1/2017,31.7575,32.622501,31.752501,32.1875,30.297508,447940000
2/2/2017,31.995001,32.3475,31.945,32.1325,30.245737,134841600
2/3/2017,32.077499,32.297501,32.040001,32.27,30.375166,98029200
2/6/2017,32.282501,32.625,32.224998,32.572498,30.659901,107383600
2/7/2017,32.634998,33.022499,32.612499,32.8825,30.951702,152735200
2/8/2017,32.837502,33.055,32.805,33.009998,31.071712,92016400
2/9/2017,32.912498,33.112499,32.779999,33.105,31.29624,113399600
2/10/2017,33.115002,33.235001,33.012501,33.029999,31.225332,80262000
2/13/2017,33.27,33.455002,33.1875,33.322498,31.50185,92141600
2/14/2017,33.3675,33.772499,33.3125,33.755001,31.910719,132904800
2/15/2017,33.880001,34.067501,33.654999,33.877499,32.026527,142492400
2/16/2017,33.9175,33.974998,33.709999,33.837502,31.988712,90338400
2/17/2017,33.775002,33.9575,33.775002,33.93,32.07616,88792800
2/21/2017,34.057499,34.1875,33.994999,34.174999,32.307774,98028800
2/22/2017,34.107498,34.279999,34.0275,34.2775,32.404682,83347600
2/23/2017,34.345001,34.369999,34.075001,34.1325,32.26759,83152800
2/24/2017,33.977501,34.165001,33.82,34.165001,32.298325,87106400
2/27/2017,34.285,34.360001,34.07,34.232498,32.362133,81029600
2/28/2017,34.27,34.360001,34.174999,34.247501,32.376324,93931600
3/1/2017,34.4725,35.037498,34.400002,34.947498,33.038063,145658400
3/2/2017,35,35.07,34.689999,34.740002,32.841908,104844000
3/3/2017,34.695,34.9575,34.647499,34.945,33.035702,84432400
3/6/2017,34.842499,34.942501,34.650002,34.834999,32.931721,87000000
3/7/2017,34.764999,34.994999,34.697498,34.880001,32.974255,69785200
3/8/2017,34.737499,34.950001,34.705002,34.75,32.851364,74828800
3/9/2017,34.685001,34.697498,34.262501,34.669998,32.775726,88623600
3/10/2017,34.8125,34.84,34.66,34.785,32.884453,78451200
3/13/2017,34.712502,34.857498,34.705002,34.799999,32.898621,69686800
3/14/2017,34.825001,34.912498,34.709999,34.747501,32.848999,61236400
3/15/2017,34.852501,35.1875,34.7575,35.115002,33.196407,102767200
3/16/2017,35.18,35.255001,35.064999,35.172501,33.250774,76928000
3/17/2017,35.25,35.25,34.9725,34.997501,33.085339,175540000
3/20/2017,35.099998,35.375,35.057499,35.365002,33.432751,86168000
3/21/2017,35.5275,35.700001,34.932499,34.959999,33.049885,158119600
3/22/2017,34.962502,35.400002,34.939999,35.355,33.423298,103440800
3/23/2017,35.314999,35.395,35.1525,35.23,33.30513,81385200
3/24/2017,35.375,35.435001,35.087502,35.16,33.238956,89582400
3/27/2017,34.8475,35.305,34.654999,35.220001,33.295685,94300400
3/28/2017,35.227501,36.009998,35.154999,35.950001,33.985802,133499200
3/29/2017,35.919998,36.122501,35.797501,36.029999,34.061417,116760000
3/30/2017,36.047501,36.125,35.875,35.982498,34.01651,84829200
3/31/2017,35.93,36.067501,35.752499,35.915001,33.952709,78646800
4/3/2017,35.927502,36.029999,35.762501,35.924999,33.962158,79942800
4/4/2017,35.8125,36.2225,35.7925,36.192501,34.215054,79565600
4/5/2017,36.055,36.365002,35.952499,36.005001,34.037792,110871600
4/6/2017,36.072498,36.130001,35.862499,35.915001,33.952709,84596000
4/7/2017,35.932499,36.044998,35.817501,35.834999,33.877079,66688800
4/10/2017,35.900002,35.970001,35.724998,35.7925,33.836903,75733600
4/11/2017,35.735001,35.837502,35.014999,35.407501,33.472935,121517600
4/12/2017,35.400002,35.537498,35.252499,35.450001,33.513107,81400000
4/13/2017,35.477501,35.595001,35.262501,35.262501,33.335854,71291600
4/17/2017,35.369999,35.470001,35.217499,35.4575,33.520199,66328400
4/18/2017,35.352501,35.509998,35.2775,35.299999,33.371311,58790000
4/19/2017,35.470001,35.5,35.112499,35.169998,33.248409,69313600
4/20/2017,35.305,35.73,35.290001,35.610001,33.664364,93278400
4/21/2017,35.610001,35.669998,35.462502,35.567501,33.624191,69283600
4/24/2017,35.875,35.987499,35.794998,35.91,33.947975,68537200
4/25/2017,35.977501,36.224998,35.967499,36.1325,34.158325,75486000
4/26/2017,36.1175,36.150002,35.845001,35.919998,33.957424,80164800
4/27/2017,35.98,36.040001,35.827499,35.947498,33.983429,56985200
4/28/2017,36.022499,36.075001,35.817501,35.912498,33.950344,83441600
5/1/2017,36.275002,36.799999,36.240002,36.645,34.642822,134411600
5/2/2017,36.884998,37.022499,36.709999,36.877499,34.862614,181408800
5/3/2017,36.397499,36.872501,36.067501,36.764999,34.756271,182788000
5/4/2017,36.630001,36.785,36.452499,36.6325,34.631001,93487600
5/5/2017,36.689999,37.244999,36.689999,37.240002,35.205315,109310800
5/8/2017,37.2575,38.424999,37.2575,38.252499,36.162487,195009600
5/9/2017,38.467499,38.720001,38.362499,38.497501,36.394115,156521600
5/10/2017,38.407501,38.485001,38.0275,38.314999,36.221573,103222800
5/11/2017,38.112499,38.517502,38.077499,38.487499,36.534824,109020400
5/12/2017,38.674999,39.105,38.6675,39.025002,37.045063,130108000
5/15/2017,39.002499,39.162498,38.762501,38.924999,36.950138,104038800
5/16/2017,38.985001,39.014999,38.68,38.8675,36.895557,80194000
5/17/2017,38.400002,38.642502,37.427502,37.5625,35.656761,203070800
5/18/2017,37.817501,38.334999,37.782501,38.134998,36.200207,134272800
5/19/2017,38.345001,38.494999,38.157501,38.264999,36.323616,107843200
5/22/2017,38.5,38.645,38.227501,38.497501,36.544331,91865600
5/23/2017,38.724998,38.724998,38.327499,38.450001,36.499245,79675600
5/24/2017,38.459999,38.5425,38.1675,38.334999,36.390076,76712000
5/25/2017,38.432499,38.587502,38.2575,38.467499,36.515846,76942400
5/26/2017,38.5,38.560001,38.327499,38.4025,36.454144,87710400
5/30/2017,38.355,38.607498,38.3325,38.4175,36.468384,80507600
5/31/2017,38.4925,38.5425,38.095001,38.189999,36.252422,97804800
6/1/2017,38.2925,38.3325,38.055,38.294998,36.352093,65616400
6/2/2017,38.395,38.862499,38.2225,38.862499,36.890804,111082800
6/5/2017,38.584999,38.612499,38.365002,38.482498,36.530083,101326800
6/6/2017,38.474998,38.952499,38.445,38.612499,36.653488,106499600
6/7/2017,38.755001,38.994999,38.619999,38.842499,36.871815,84278400
6/8/2017,38.8125,38.884998,38.599998,38.747501,36.781643,85003200
6/9/2017,38.797501,38.797501,36.505001,37.244999,35.355381,259530800
6/12/2017,36.435001,36.522499,35.627499,36.355,34.510529,289229200
6/13/2017,36.790001,36.862499,36.287498,36.647499,34.788189,136661600
6/14/2017,36.875,36.875,35.959999,36.290001,34.448822,126124800
6/15/2017,35.830002,36.119999,35.552502,36.072498,34.242355,128661600
6/16/2017,35.945,36.125,35.549999,35.567501,33.762978,201444400
6/19/2017,35.915001,36.685001,35.915001,36.584999,34.728859,130165600
6/20/2017,36.717499,36.717499,36.235001,36.252499,34.413219,99600400
6/21/2017,36.380001,36.517502,36.1525,36.467499,34.617313,85063200
6/22/2017,36.442501,36.674999,36.279999,36.407501,34.560356,76425200
6/23/2017,36.282501,36.790001,36.2775,36.57,34.714619,141757600
6/26/2017,36.7925,37.07,36.345001,36.455002,34.605453,102769600
6/27/2017,36.252499,36.540001,35.904999,35.932499,34.109463,99047600
6/28/2017,36.122501,36.5275,35.790001,36.4575,34.607822,88329600
6/29/2017,36.177502,36.282501,35.57,35.919998,34.097591,125997600
6/30/2017,36.112499,36.240002,35.945,36.005001,34.178284,92096400
7/3/2017,36.220001,36.325001,35.775002,35.875,34.054871,57111200
7/5/2017,35.922501,36.197498,35.68,36.022499,34.194893,86278400
7/6/2017,35.755001,35.875,35.602501,35.682499,33.872143,96515200
7/7/2017,35.724998,36.1875,35.724998,36.044998,34.216255,76806800
7/10/2017,36.0275,36.487499,35.842499,36.264999,34.425087,84362400
7/11/2017,36.182499,36.462502,36.095001,36.3825,34.536629,79127200
7/12/2017,36.467499,36.544998,36.205002,36.435001,34.586468,99538000
7/13/2017,36.375,37.122501,36.360001,36.942501,35.068218,100797600
7/14/2017,36.9925,37.3325,36.8325,37.259998,35.369606,80528400
7/17/2017,37.205002,37.724998,37.142502,37.389999,35.493008,95174000
7/18/2017,37.299999,37.532501,37.1675,37.52,35.616421,71475200
7/19/2017,37.619999,37.855,37.487499,37.755001,35.839508,83692000
7/20/2017,37.875,37.935001,37.547501,37.584999,35.67812,68974800
7/21/2017,37.497501,37.610001,37.220001,37.567501,35.661514,105010400
7/24/2017,37.645,38.110001,37.474998,38.022499,36.093418,85972800
7/25/2017,37.950001,38.459999,37.950001,38.185001,36.247684,75415600
7/26/2017,38.337502,38.482498,38.264999,38.365002,36.418552,63124000
7/27/2017,38.4375,38.497501,36.825001,37.639999,35.730335,129905200
7/28/2017,37.4725,37.557499,37.297501,37.375,35.478783,68854800
7/31/2017,37.474998,37.5825,37.032501,37.182499,35.296047,79383600
8/1/2017,37.275002,37.555,37.102501,37.512501,35.609295,141474400
8/2/2017,39.82,39.9375,39.040001,39.285,37.291874,279747200
8/3/2017,39.262501,39.302502,38.755001,38.892502,36.919289,108389200
8/4/2017,39.017502,39.349998,38.922501,39.0975,37.113892,82239600
8/7/2017,39.264999,39.73,39.1675,39.702499,37.68819,87481200
8/8/2017,39.650002,40.4575,39.567501,40.02,37.989578,144823600
8/9/2017,39.814999,40.317501,39.7775,40.264999,38.222153,104526000
8/10/2017,39.974998,40,38.657501,38.830002,37.004704,163217200
8/11/2017,39.150002,39.642502,39.017502,39.369999,37.519321,105028400
8/14/2017,39.830002,40.052502,39.6875,39.962502,38.083969,88490800
8/15/2017,40.165001,40.549999,40.035,40.400002,38.5009,117862000
8/16/2017,40.485001,40.627499,40.037498,40.237499,38.346039,110686400
8/17/2017,40.130001,40.177502,39.459999,39.465,37.609863,111762400
8/18/2017,39.465,39.875,39.18,39.375,37.524082,109712400
8/21/2017,39.375,39.4725,38.7775,39.302502,37.454994,105474000
8/22/2017,39.557499,40,39.505001,39.945,38.067287,86418400
8/23/2017,39.767502,40.1175,39.720001,39.994999,38.114941,77596400
8/24/2017,40.107498,40.185001,39.637501,39.817501,37.945778,79275600
8/25/2017,39.912498,40.139999,39.817501,39.965,38.086357,101920400
8/28/2017,40.035,40.5,39.982498,40.3675,38.469933,103864000
8/29/2017,40.025002,40.779999,40,40.727501,38.813007,118067600
8/30/2017,40.950001,40.9725,40.6525,40.837502,38.917839,109078400
8/31/2017,40.91,41.130001,40.869999,41,39.072708,107140400
9/1/2017,41.200001,41.235001,40.907501,41.012501,39.084618,66364400
9/5/2017,40.9375,41.0625,40.139999,40.52,38.615261,117874000
9/6/2017,40.677502,40.747501,40.130001,40.477501,38.57476,86606800
9/7/2017,40.522499,40.560001,40.09,40.314999,38.419899,87714000
9/8/2017,40.215,40.287498,39.6325,39.657501,37.793316,114446000
9/11/2017,40.125,40.512501,39.9725,40.375,38.477077,126323200
9/12/2017,40.6525,40.990002,39.692501,40.215,38.324596,286856000
9/13/2017,39.967499,39.990002,39.477501,39.912498,38.036327,179629600
9/14/2017,39.747501,39.849998,39.522499,39.57,37.709919,95042800
9/15/2017,39.6175,40.2425,39.5,39.970001,38.091118,196458400
9/18/2017,40.0275,40.125,39.5,39.6675,37.802834,113077600
9/19/2017,39.877499,39.942501,39.610001,39.682499,37.817131,83242400
9/20/2017,39.474998,39.564999,38.4575,39.017502,37.183392,211805600
9/21/2017,38.950001,38.950001,38.1875,38.3475,36.544891,150046800
9/22/2017,37.884998,38.067501,37.639999,37.9725,36.187508,186581600
9/25/2017,37.497501,37.9575,37.290001,37.637501,35.868259,177549200
9/26/2017,37.945,38.48,37.922501,38.285,36.485325,146640000
9/27/2017,38.450001,38.68,38.384998,38.557499,36.745014,102016800
9/28/2017,38.4725,38.57,38.174999,38.32,36.518684,88022000
9/29/2017,38.302502,38.532501,38,38.529999,36.718807,105199200
10/2/2017,38.564999,38.612499,38.18,38.452499,36.644958,74795200
10/3/2017,38.502499,38.772499,38.477501,38.619999,36.804585,64921200
10/4/2017,38.407501,38.465,38.115002,38.369999,36.566322,80655200
10/5/2017,38.544998,38.860001,38.512501,38.8475,37.021385,85135200
10/6/2017,38.7425,38.872501,38.639999,38.825001,36.999939,69630400
10/9/2017,38.952499,39.182499,38.872501,38.959999,37.128597,65051600
10/10/2017,39.014999,39.5,38.775002,38.974998,37.142883,62468000
10/11/2017,38.9925,39.244999,38.9375,39.137501,37.297749,67622400
10/12/2017,39.087502,39.342499,38.932499,39,37.166718,64500400
10/13/2017,39.182499,39.32,39.102501,39.247501,37.402584,65576800
10/16/2017,39.474998,40,39.412498,39.970001,38.091118,96486000
10/17/2017,39.945,40.217499,39.807499,40.1175,38.231682,75989200
10/18/2017,40.105,40.177502,39.900002,39.939999,38.062527,65496800
10/19/2017,39.1875,39.27,38.755001,38.994999,37.161953,170336800
10/20/2017,39.1525,39.4375,38.990002,39.0625,37.226276,95896400
10/23/2017,39.2225,39.422501,38.875,39.0425,37.207214,87937200
10/24/2017,39.072498,39.355,39.049999,39.275002,37.428787,71028800
10/25/2017,39.227501,39.387501,38.817501,39.102501,37.264397,84828400
10/26/2017,39.307499,39.4575,39.195,39.352501,37.502647,68002000
10/27/2017,39.822498,40.900002,39.674999,40.762501,38.846371,177816800
10/30/2017,40.9725,42.017502,40.93,41.68,39.720741,178803200
10/31/2017,41.974998,42.412498,41.735001,42.259998,40.273472,144187200
11/1/2017,42.467499,42.485001,41.4025,41.7225,39.76123,134551200
11/2/2017,41.650002,42.125,41.32,42.0275,40.051907,165573600
11/3/2017,43.5,43.564999,42.779999,43.125,41.097813,237594400
11/6/2017,43.092499,43.747501,42.93,43.5625,41.514748,140105200
11/7/2017,43.477501,43.8125,43.400002,43.702499,41.648159,97446000
11/8/2017,43.665001,44.060001,43.5825,44.060001,41.988865,97638000
11/9/2017,43.7775,44.025002,43.285,43.970001,41.903091,117930400
11/10/2017,43.7775,43.845001,43.567501,43.6675,41.764408,100582000
11/13/2017,43.375,43.625,43.349998,43.4925,41.597034,67928400
11/14/2017,43.259998,43.369999,42.794998,42.834999,40.968189,99130000
11/15/2017,42.4925,42.580002,42.095001,42.27,40.427807,116632400
11/16/2017,42.794998,42.967499,42.575001,42.775002,40.910793,94550000
11/17/2017,42.759998,42.8475,42.41,42.537498,40.683655,87598000
11/20/2017,42.572498,42.639999,42.389999,42.494999,40.643002,65049600
11/21/2017,42.695,43.424999,42.695,43.285,41.398575,100525200
11/22/2017,43.34,43.75,43.262501,43.740002,41.833748,102355600
11/24/2017,43.775002,43.875,43.662498,43.7425,41.836143,56106800
11/27/2017,43.762501,43.77,43.334999,43.522499,41.625717,82867200
11/28/2017,43.575001,43.717499,42.965,43.267502,41.38184,105715200
11/29/2017,43.157501,43.23,41.790001,42.369999,40.523449,166665600
11/30/2017,42.607498,43.035,42.110001,42.962502,41.09013,166108800
12/1/2017,42.487499,42.9175,42.125,42.762501,40.898846,159037200
12/4/2017,43.119999,43.154999,42.407501,42.450001,40.599968,130169600
12/5/2017,42.264999,42.880001,42.099998,42.41,40.561718,109400800
12/6/2017,41.875,42.549999,41.615002,42.252499,40.411068,114240000
12/7/2017,42.2575,42.610001,42.227501,42.330002,40.485191,102693200
12/8/2017,42.622501,42.75,42.205002,42.342499,40.49715,93420800
12/11/2017,42.299999,43.2225,42.197498,43.1675,41.286205,141095200
12/12/2017,43.037498,43.0975,42.865002,42.924999,41.054268,77636800
12/13/2017,43.125,43.384998,43,43.067501,41.190552,95273600
12/14/2017,43.099998,43.282501,42.912498,43.055,41.178593,81906000
12/15/2017,43.407501,43.5425,43.115002,43.4925,41.597034,160677200
12/18/2017,43.720001,44.299999,43.715,44.105,42.182838,117684400
12/19/2017,43.7575,43.8475,43.522499,43.634998,41.733315,109745600
12/20/2017,43.717499,43.855,43.3125,43.587502,41.687893,93902400
12/21/2017,43.5425,44.005001,43.525002,43.752499,41.845699,83799600
12/22/2017,43.669998,43.855,43.625,43.752499,41.845699,65397600
12/26/2017,42.700001,42.8675,42.419998,42.642502,40.784073,132742000
12/27/2017,42.525002,42.695,42.427502,42.650002,40.791252,85992800
12/28/2017,42.75,42.962502,42.619999,42.77,40.906025,65920800
12/29/2017,42.630001,42.647499,42.305,42.307499,40.463673,103999600
1/2/2018,42.540001,43.075001,42.314999,43.064999,41.188164,102223600
1/3/2018,43.1325,43.637501,42.990002,43.057499,41.180984,118071600
1/4/2018,43.134998,43.3675,43.02,43.2575,41.372269,89738400
1/5/2018,43.360001,43.842499,43.262501,43.75,41.843319,94640000
1/8/2018,43.587502,43.9025,43.482498,43.587502,41.687893,82271200
1/9/2018,43.637501,43.764999,43.352501,43.5825,41.683102,86336000
1/10/2018,43.290001,43.575001,43.25,43.572498,41.673542,95839600
1/11/2018,43.647499,43.872501,43.622501,43.82,41.910255,74670800
1/12/2018,44.044998,44.34,43.912498,44.272499,42.343037,101672400
1/16/2018,44.474998,44.8475,44.035,44.047501,42.127846,118263600
1/17/2018,44.037498,44.8125,43.767502,44.775002,42.823643,137547200
1/18/2018,44.842499,45.025002,44.5625,44.814999,42.861897,124773600
1/19/2018,44.6525,44.895,44.352501,44.615002,42.670612,129700400
1/22/2018,44.325001,44.445,44.150002,44.25,42.321518,108434400
1/23/2018,44.325001,44.860001,44.205002,44.259998,42.331085,130756400
1/24/2018,44.3125,44.325001,43.299999,43.555,41.656811,204420400
1/25/2018,43.627499,43.737499,42.6325,42.7775,40.913181,166116000
1/26/2018,43,43,42.514999,42.877499,41.008835,156572000
1/29/2018,42.540001,42.540001,41.767502,41.990002,40.160015,202561600
1/30/2018,41.3825,41.842499,41.174999,41.7425,39.923302,184192800
1/31/2018,41.717499,42.110001,41.625,41.857498,40.033295,129915600
2/1/2018,41.7925,42.154999,41.689999,41.945,40.116978,188923200
2/2/2018,41.5,41.700001,40.025002,40.125,38.376301,346375200
2/5/2018,39.775002,40.970001,39,39.122501,37.417484,290954000
2/6/2018,38.7075,40.93,38.5,40.7575,38.981228,272975200
2/7/2018,40.772499,40.849998,39.767502,39.884998,38.146755,206434400
2/8/2018,40.072498,40.25,38.7575,38.787498,37.09708,217562000
2/9/2018,39.267502,39.4725,37.560001,39.102501,37.550835,282690400
2/12/2018,39.625,40.9725,39.377499,40.677502,39.063339,243278000
2/13/2018,40.487499,41.1875,40.412498,41.084999,39.454662,130196800
2/14/2018,40.759998,41.884998,40.720001,41.842499,40.182102,162579600
2/15/2018,42.447498,43.272499,42.25,43.247501,41.531349,204588800
2/16/2018,43.09,43.705002,42.942501,43.107498,41.3969,160704400
2/20/2018,43.012501,43.564999,42.855,42.962502,41.25766,135722000
2/21/2018,43.2075,43.529999,42.752499,42.767502,41.070396,149886400
2/22/2018,42.950001,43.487499,42.927502,43.125,41.413715,123967600
2/23/2018,43.4175,43.912498,43.384998,43.875,42.133953,135249600
2/26/2018,44.087502,44.8475,44.052502,44.7425,42.967033,152648800
2/27/2018,44.775002,45.119999,44.540001,44.5975,42.827785,155712400
2/28/2018,44.814999,45.154999,44.512501,44.529999,42.762955,151128400
3/1/2018,44.634998,44.945,43.165001,43.75,42.01392,195208000
3/2/2018,43.200001,44.075001,43.112499,44.052502,42.304405,153816000
3/5/2018,43.802502,44.435001,43.630001,44.205002,42.450851,113605600
3/6/2018,44.477501,44.5625,44.032501,44.1675,42.414841,95154000
3/7/2018,43.735001,43.962502,43.567501,43.7575,42.021118,126814000
3/8/2018,43.869999,44.279999,43.767502,44.235001,42.47966,95096400
3/9/2018,44.490002,45,44.3475,44.994999,43.209507,128740800
3/12/2018,45.072498,45.5975,45.052502,45.43,43.627243,128828400
3/13/2018,45.647499,45.875,44.810001,44.9925,43.207108,126774000
3/14/2018,45.080002,45.130001,44.452499,44.610001,42.839779,117473600
3/15/2018,44.625,45.060001,44.517502,44.662498,42.890202,90975200
3/16/2018,44.662498,44.779999,44.404999,44.505001,42.738953,157618800
3/19/2018,44.330002,44.3675,43.415001,43.825001,42.085934,133787200
3/20/2018,43.810001,44.200001,43.735001,43.810001,42.071533,78597600
3/21/2018,43.759998,43.772499,42.814999,42.817501,41.118412,148219600
3/22/2018,42.5,43.169998,42.150002,42.212502,40.537422,165963200
3/23/2018,42.0975,42.48,41.235001,41.235001,39.598705,164115200
3/26/2018,42.017502,43.275002,41.610001,43.192501,41.478535,150164800
3/27/2018,43.419998,43.787498,41.73,42.084999,40.414986,163690400
3/28/2018,41.8125,42.505001,41.297501,41.619999,39.96843,166674000
3/29/2018,41.952499,42.9375,41.724998,41.945,40.28054,153594000
4/2/2018,41.66,42.235001,41.1175,41.669998,40.016449,150347200
4/3/2018,41.91,42.1875,41.220001,42.0975,40.426991,121112000
4/4/2018,41.220001,43.002499,41.192501,42.9025,41.200043,138422000
4/5/2018,43.145,43.557499,43.02,43.200001,41.485737,107732800
4/6/2018,42.7425,43.119999,42.049999,42.095001,40.424587,140021200
4/9/2018,42.470001,43.272499,42.462502,42.512501,40.825516,116070800
4/10/2018,43.25,43.5,42.8825,43.3125,41.593773,113634400
4/11/2018,43.057499,43.48,42.924999,43.110001,41.399311,89726400
4/12/2018,43.352501,43.75,43.259998,43.535,41.807442,91557200
4/13/2018,43.695,43.959999,43.462502,43.682499,41.949093,100497200
4/16/2018,43.7575,44.047501,43.7075,43.955002,42.210781,86313600
4/17/2018,44.122501,44.735001,44.102501,44.560001,42.791763,106421600
4/18/2018,44.452499,44.705002,44.220001,44.459999,42.695736,83018000
4/19/2018,43.439999,43.8475,43.165001,43.200001,41.485737,139235200
4/20/2018,42.650002,42.805,41.357498,41.43,39.785965,261964400
4/23/2018,41.7075,41.73,41.022499,41.310001,39.670738,146062000
4/24/2018,41.4175,41.5825,40.305,40.735001,39.118553,134768000
4/25/2018,40.654999,41.355,40.602501,40.912498,39.289001,113528400
4/26/2018,41.029999,41.432499,40.842499,41.055,39.425858,111852000
4/27/2018,41,41.0825,40.157501,40.580002,38.969696,142623200
4/30/2018,40.532501,41.814999,40.459999,41.314999,39.675541,169709600
5/1/2018,41.602501,42.299999,41.317501,42.275002,40.59745,214277600
5/2/2018,43.807499,44.4375,43.450001,44.142502,42.390842,266157600
5/3/2018,43.970001,44.375,43.610001,44.2225,42.467659,136272800
5/4/2018,44.5625,46.0625,44.5425,45.9575,44.133812,224805200
5/7/2018,46.294998,46.9175,46.1875,46.290001,44.453114,169805600
5/8/2018,46.247501,46.555,45.9175,46.512501,44.666794,113611200
5/9/2018,46.637501,46.849998,46.305,46.84,44.981285,92844800
5/10/2018,46.935001,47.592499,46.912498,47.509998,45.624699,111957200
5/11/2018,47.372501,47.514999,46.862499,47.147499,45.451172,104848800
5/14/2018,47.252499,47.3825,46.965,47.037498,45.345131,83115200
5/15/2018,46.695,46.767502,46.275002,46.610001,44.933022,94780800
5/16/2018,46.517502,47.115002,46.5,47.044998,45.352364,76732400
5/17/2018,47,47.227501,46.59,46.747501,45.065578,69176000
5/18/2018,46.797501,46.952499,46.532501,46.577499,44.901684,73190800
5/21/2018,47,47.317501,46.727501,46.907501,45.219818,73603200
5/22/2018,47.095001,47.220001,46.695,46.790001,45.106541,60962800
5/23/2018,46.587502,47.125,46.439999,47.09,45.395748,80233600
5/24/2018,47.192501,47.209999,46.552502,47.037498,45.345131,92936000
5/25/2018,47.057499,47.412498,46.912498,47.145,45.448772,69844000
5/29/2018,46.900002,47.1875,46.717499,46.974998,45.284893,90056400
5/30/2018,46.93,47,46.695,46.875,45.188488,74762000
5/31/2018,46.805,47.057499,46.535,46.717499,45.036659,109931200
6/1/2018,46.997501,47.564999,46.9375,47.560001,45.848839,93770000
6/4/2018,47.91,48.355,47.837502,47.9575,46.232037,105064800
6/5/2018,48.267502,48.485001,48.09,48.327499,46.58873,86264000
6/6/2018,48.407501,48.52,47.98,48.494999,46.750202,83734400
6/7/2018,48.535,48.549999,48.084999,48.365002,46.624874,85388800
6/8/2018,47.7925,48,47.442501,47.924999,46.20071,106627200
6/11/2018,47.837502,47.9925,47.552502,47.807499,46.087433,73234000
6/12/2018,47.8475,48.1525,47.787498,48.07,46.340492,67644400
6/13/2018,48.105,48.220001,47.610001,47.674999,45.959705,86553600
6/14/2018,47.887501,47.892502,47.555,47.700001,45.983803,86440400
6/15/2018,47.5075,47.540001,47.064999,47.209999,45.511433,246876800
6/18/2018,46.970001,47.305,46.799999,47.185001,45.487335,73939600
6/19/2018,46.285,46.5825,45.862499,46.422501,44.752266,134314000
6/20/2018,46.587502,46.799999,46.432499,46.625,44.947483,82514800
6/21/2018,46.8125,47.087502,46.235001,46.365002,44.696835,102847600
6/22/2018,46.529999,46.537498,46.174999,46.23,44.566692,108801600
6/25/2018,45.849998,46.23,45.182499,45.5425,43.903934,126652400
6/26/2018,45.747501,46.6325,45.634998,46.107498,44.448597,98276800
6/27/2018,46.307499,46.82,46.0075,46.040001,44.383537,101141200
6/28/2018,46.025002,46.552502,45.950001,46.375,44.706478,69460800
6/29/2018,46.572498,46.797501,45.727501,46.2775,44.61248,90950800
7/2/2018,45.955002,46.825001,45.855,46.794998,45.111366,70925200
7/3/2018,46.947498,46.987499,45.884998,45.98,44.325691,55819200
7/5/2018,46.314999,46.602501,46.07,46.349998,44.682373,66416800
7/6/2018,46.355,47.107498,46.299999,46.9925,45.301762,69940800
7/9/2018,47.375,47.669998,47.325001,47.645,45.930782,79026400
7/10/2018,47.677502,47.82,47.544998,47.587502,45.875355,63756400
7/11/2018,47.125,47.445,46.9025,46.970001,45.280071,75326000
7/12/2018,47.3825,47.852501,47.327499,47.7575,46.039234,72164400
7/13/2018,47.77,47.959999,47.724998,47.8325,46.111542,50055600
7/16/2018,47.880001,48.162498,47.605,47.727501,46.010319,60172400
7/17/2018,47.4375,47.967499,47.299999,47.862499,46.140461,62138000
7/18/2018,47.945,47.950001,47.482498,47.599998,45.887402,65573600
7/19/2018,47.422501,48.137501,47.422501,47.970001,46.244083,81147200
7/20/2018,47.945,48.107498,47.5425,47.860001,46.138042,82704800
7/23/2018,47.669998,47.990002,47.389999,47.9025,46.17902,63957600
7/24/2018,48.112499,48.415001,48.012501,48.25,46.514015,74791600
7/25/2018,48.264999,48.712502,48.107498,48.705002,46.952648,66839600
7/26/2018,48.6525,48.990002,48.4025,48.552502,46.805637,76304000
7/27/2018,48.747501,48.797501,47.525002,47.744999,46.027191,96096000
7/30/2018,47.974998,48.049999,47.267502,47.477501,45.76931,84118000
7/31/2018,47.575001,48.035,47.334999,47.572498,45.860889,157492000
8/1/2018,49.782501,50.439999,49.327499,50.375,48.562561,271742800
8/2/2018,50.145,52.095001,50.087502,51.8475,49.982075,249616000
8/3/2018,51.7575,52.185001,51.369999,51.997501,50.12669,133789600
8/6/2018,52,52.3125,51.767502,52.267502,50.386974,101701600
8/7/2018,52.330002,52.375,51.689999,51.7775,49.914597,102349600
8/8/2018,51.512501,51.952499,51.130001,51.8125,49.948345,90102000
8/9/2018,52.3825,52.445,51.799999,52.220001,50.341187,93970400
8/10/2018,51.84,52.275002,51.6675,51.8825,50.191235,98444800
8/13/2018,52.327499,52.737499,51.924999,52.217499,50.515308,103563600
8/14/2018,52.540001,52.639999,52.064999,52.4375,50.728149,82992000
8/15/2018,52.305,52.685001,52.0825,52.560001,50.846645,115230400
8/16/2018,52.9375,53.452499,52.8675,53.330002,51.591553,114001600
8/17/2018,53.360001,54.487499,53.290001,54.395,52.62183,141708000
8/20/2018,54.525002,54.794998,53.7775,53.865002,52.109108,121150800
8/21/2018,54.200001,54.297501,53.5075,53.759998,52.007534,104639200
8/22/2018,53.525002,54.09,53.459999,53.762501,52.009949,76072400
8/23/2018,53.662498,54.262501,53.650002,53.872501,52.116371,75532800
8/24/2018,54.150002,54.224998,53.7775,54.040001,52.278404,73905600
8/27/2018,54.287498,54.685001,54.0825,54.485001,52.7089,82100400
8/28/2018,54.752499,55.134998,54.73,54.924999,53.134552,91107200
8/29/2018,55.037498,55.872501,54.852501,55.744999,53.927822,109019200
8/30/2018,55.8125,57.064999,55.599998,56.2575,54.423615,195175200
8/31/2018,56.627499,57.217499,56.5,56.907501,55.052433,173360400
9/4/2018,57.102501,57.294998,56.657501,57.09,55.228977,109560400
9/5/2018,57.247501,57.4175,56.275002,56.717499,54.868626,133332000
9/6/2018,56.557499,56.837502,55.325001,55.775002,53.956848,137160000
9/7/2018,55.462502,56.342499,55.177502,55.325001,53.521523,150479200
9/10/2018,55.237499,55.462502,54.1175,54.5825,52.803219,158066000
9/11/2018,54.502499,56.075001,54.139999,55.962502,54.138241,142996000
9/12/2018,56.235001,56.25,54.959999,55.267502,53.465889,197114800
9/13/2018,55.880001,57.087502,55.642502,56.602501,54.75737,166825600
9/14/2018,56.4375,56.709999,55.630001,55.959999,54.135818,127997200
9/17/2018,55.537498,55.737499,54.317501,54.470001,52.694389,148780400
9/18/2018,54.447498,55.462502,54.279999,54.560001,52.781464,126286800
9/19/2018,54.625,54.904999,53.825001,54.592499,52.812893,108495200
9/20/2018,55.060001,55.57,54.787498,55.0075,53.214363,106435200
9/21/2018,55.195,55.34,54.322498,54.415001,52.641178,384986800
9/24/2018,54.205002,55.314999,54.157501,55.197498,53.398167,110773600
9/25/2018,54.9375,55.705002,54.924999,55.547501,53.736759,98217600
9/26/2018,55.25,55.9375,54.939999,55.105,53.308689,95938800
9/27/2018,55.955002,56.610001,55.884998,56.237499,54.40427,120724800
9/28/2018,56.197498,56.459999,56.005001,56.435001,54.595333,91717600
10/1/2018,56.987499,57.355,56.587502,56.814999,54.962936,94403200
10/2/2018,56.8125,57.5,56.657501,57.32,55.451481,99152800
10/3/2018,57.512501,58.3675,57.445,58.017502,56.12624,114619200
10/4/2018,57.695,58.087502,56.682499,56.997501,55.139496,128168000
10/5/2018,56.990002,57.102501,55.145,56.072498,54.244648,134322000
10/8/2018,55.552502,56.200001,55.049999,55.942501,54.118881,118655600
10/9/2018,55.91,56.817501,55.5625,56.717499,54.868626,107564000
10/10/2018,56.365002,56.587502,54.012501,54.09,52.326782,167962400
10/11/2018,53.630001,54.875,53.080002,53.612499,51.864838,212497600
10/12/2018,55.105,55.720001,54.209999,55.5275,53.717419,161351600
10/15/2018,55.290001,55.4575,54.317501,54.34,52.568623,123164000
10/16/2018,54.732498,55.747501,54.189999,55.537498,53.727085,116736000
10/17/2018,55.575001,55.66,54.834999,55.297501,53.494907,91541600
10/18/2018,54.465,54.935001,53.25,54.005001,52.244549,130325200
10/19/2018,54.514999,55.314999,54.357498,54.827499,53.040226,132314800
10/22/2018,54.947498,55.84,54.735001,55.162498,53.364311,115168400
10/23/2018,53.9575,55.8125,53.674999,55.682499,53.867352,155071200
10/24/2018,55.650002,56.057499,53.634998,53.772499,52.019623,163702000
10/25/2018,54.427502,55.345001,54.1875,54.950001,53.158737,119423200
10/26/2018,53.974998,55.047501,53.1675,54.075001,52.312263,189033600
10/29/2018,54.797501,54.922501,51.522499,53.060001,51.330349,183742000
10/30/2018,52.787498,53.794998,52.317501,53.325001,51.586712,146640000
10/31/2018,54.220001,55.112499,54.154999,54.715,52.931393,153435600
11/1/2018,54.762501,55.59,54.202499,55.555,53.744019,233292800
11/2/2018,52.387501,53.412498,51.357498,51.869999,50.179131,365314800
11/5/2018,51.075001,51.0975,49.5425,50.397499,48.754646,264654800
11/6/2018,50.48,51.18,50.422501,50.942501,49.281876,127531600
11/7/2018,51.4925,52.514999,51.032501,52.487499,50.776512,133697600
11/8/2018,52.494999,52.529999,51.6875,52.122501,50.599354,101450400
11/9/2018,51.387501,51.502499,50.5625,51.1175,49.623718,137463200
11/12/2018,49.75,49.962502,48.447498,48.5425,47.123959,204542000
11/13/2018,47.907501,49.294998,47.862499,48.057499,46.65313,187531600
11/14/2018,48.474998,48.619999,46.482498,46.700001,45.335308,243204000
11/15/2018,47.0975,47.9925,46.724998,47.852501,46.454128,185915200
11/16/2018,47.625,48.7425,47.365002,48.3825,46.968639,147713200
11/19/2018,47.5,47.674999,46.247501,46.465,45.107166,167701200
11/20/2018,44.592499,45.3675,43.877499,44.244999,42.952042,271300800
11/21/2018,44.932499,45.067501,44.137501,44.195,42.903511,124496800
11/23/2018,43.735001,44.150002,43.025002,43.072498,41.813816,94496000
11/26/2018,43.560001,43.737499,42.564999,43.654999,42.379288,179994000
11/27/2018,42.877499,43.692501,42.720001,43.560001,42.287071,165549600
11/28/2018,44.182499,45.322498,43.732498,45.235001,43.913124,184250000
11/29/2018,45.665001,45.700001,44.424999,44.887501,43.575771,167080000
11/30/2018,45.072498,45.0825,44.2575,44.645,43.340359,158126000
12/3/2018,46.115002,46.235001,45.302502,46.205002,44.854774,163210000
12/4/2018,45.237499,45.5975,44.067501,44.172501,42.881664,165377200
12/6/2018,42.939999,43.695,42.605,43.68,42.403557,172393600
12/7/2018,43.372501,43.622501,42.075001,42.122501,40.891575,169126400
12/10/2018,41.25,42.522499,40.8325,42.400002,41.160961,248104000
12/11/2018,42.915001,42.947498,41.75,42.157501,40.925549,189126800
12/12/2018,42.599998,42.98,42.255001,42.275002,41.039623,142510800
12/13/2018,42.622501,43.142502,42.387501,42.737499,41.488598,127594400
12/14/2018,42.25,42.27,41.32,41.369999,40.161064,162814800
12/17/2018,41.362499,42.087502,40.682499,40.985001,39.787312,177151600
12/18/2018,41.345001,41.8825,41.0975,41.517502,40.304253,135366000
12/19/2018,41.5,41.862499,39.772499,40.2225,39.047096,196189200
12/20/2018,40.099998,40.5275,38.825001,39.2075,38.061764,259092000
12/21/2018,39.215,39.540001,37.407501,37.682499,36.581322,382978400
12/24/2018,37.037498,37.887501,36.647499,36.7075,35.634811,148676800
12/26/2018,37.075001,39.307499,36.68,39.2925,38.144276,234330000
12/27/2018,38.959999,39.192501,37.517502,39.037498,37.896725,212468400
12/28/2018,39.375,39.630001,38.637501,39.057499,37.916138,169165600
12/31/2018,39.6325,39.84,39.119999,39.435001,38.282608,140014000
1/2/2019,38.7225,39.712502,38.557499,39.48,38.32629,148158800
1/3/2019,35.994999,36.43,35.5,35.547501,34.508713,365248800
1/4/2019,36.1325,37.137501,35.950001,37.064999,35.981861,234428400
1/7/2019,37.174999,37.2075,36.474998,36.982498,35.901775,219111200
1/8/2019,37.389999,37.955002,37.130001,37.6875,36.586174,164101200
1/9/2019,37.822498,38.6325,37.407501,38.327499,37.207474,180396400
1/10/2019,38.125,38.4925,37.715,38.450001,37.326397,143122800
1/11/2019,38.220001,38.424999,37.877499,38.072498,36.959923,108092800
1/14/2019,37.712502,37.817501,37.305,37.5,36.404152,129756800
1/15/2019,37.567501,38.3475,37.512501,38.267502,37.149227,114843600
1/16/2019,38.27,38.970001,38.25,38.735001,37.603062,122278800
1/17/2019,38.549999,39.415001,38.314999,38.965,37.82634,119284800
1/18/2019,39.375,39.470001,38.994999,39.205002,38.059338,135004000
1/22/2019,39.102501,39.182499,38.154999,38.325001,37.205051,121576000
1/23/2019,38.537498,38.785,37.924999,38.48,37.355511,92522400
1/24/2019,38.5275,38.619999,37.935001,38.174999,37.059429,101766000
1/25/2019,38.869999,39.532501,38.580002,39.439999,38.287468,134142000
1/28/2019,38.947498,39.0825,38.415001,39.075001,37.933128,104768400
1/29/2019,39.0625,39.532501,38.5275,38.669998,37.539963,166348800
1/30/2019,40.8125,41.537498,40.057499,41.3125,40.105244,244439200
1/31/2019,41.5275,42.25,41.139999,41.610001,40.394047,162958400
2/1/2019,41.740002,42.244999,41.482498,41.630001,40.413464,130672400
2/4/2019,41.852501,42.915001,41.82,42.8125,41.561405,125982000
2/5/2019,43.215,43.77,43.087502,43.544998,42.272495,144406400
2/6/2019,43.662498,43.892502,43.212502,43.560001,42.287071,112958400
2/7/2019,43.099998,43.485001,42.584999,42.735001,41.486172,126966800
2/8/2019,42.247501,42.665001,42.105,42.602501,41.534912,95280000
2/11/2019,42.762501,42.802502,42.3125,42.357498,41.296051,83973600
2/12/2019,42.525002,42.75,42.424999,42.7225,41.651909,89134000
2/13/2019,42.8475,43.119999,42.48,42.544998,41.478859,89960800
2/14/2019,42.427502,42.814999,42.345001,42.700001,41.629974,87342800
2/15/2019,42.8125,42.924999,42.4375,42.605,41.537357,98507200
2/19/2019,42.427502,42.860001,42.372501,42.732498,41.661659,75891200
2/20/2019,42.797501,43.330002,42.747501,43.0075,41.929768,104457600
2/21/2019,42.950001,43.092499,42.575001,42.764999,41.693348,68998800
2/22/2019,42.895,43.25,42.845001,43.2425,42.158875,75652800
2/25/2019,43.540001,43.967499,43.487499,43.557499,42.465984,87493600
2/26/2019,43.427502,43.825001,43.2925,43.5825,42.490356,68280800
2/27/2019,43.302502,43.75,43.182499,43.717499,42.621975,111341600
2/28/2019,43.580002,43.727501,43.23,43.287498,42.202759,112861600
3/1/2019,43.57,43.787498,43.2225,43.7425,42.646351,103544800
3/4/2019,43.922501,44.4375,43.4925,43.962502,42.86084,109744800
3/5/2019,43.985001,44,43.634998,43.8825,42.782845,78949600
3/6/2019,43.6675,43.872501,43.485001,43.630001,42.536671,83241600
3/7/2019,43.467499,43.610001,43.005001,43.125,42.044327,99185600
3/8/2019,42.580002,43.267502,42.375,43.227501,42.144253,95997600
3/11/2019,43.872501,44.779999,43.837502,44.724998,43.604233,128044000
3/12/2019,45,45.6675,44.842499,45.227501,44.094139,129870400
3/13/2019,45.5625,45.825001,45.23,45.427502,44.289127,124130000
3/14/2019,45.974998,46.025002,45.639999,45.932499,44.781475,94318000
3/15/2019,46.212502,46.8325,45.935001,46.529999,45.363995,156171600
3/18/2019,46.450001,47.0975,46.447498,47.005001,45.827103,104879200
3/19/2019,47.087502,47.247501,46.48,46.6325,45.463932,126585600
3/20/2019,46.557499,47.372501,46.182499,47.040001,45.861221,124140800
3/21/2019,47.505001,49.0825,47.452499,48.772499,47.550308,204136800
3/22/2019,48.834999,49.422501,47.695,47.762501,46.565617,169630800
3/25/2019,47.877499,47.994999,46.650002,47.185001,46.002594,175381200
3/26/2019,47.915001,48.220001,46.145,46.697498,45.527302,199202000
3/27/2019,47.1875,47.439999,46.637501,47.1175,45.936775,119393600
3/28/2019,47.237499,47.389999,46.8825,47.18,45.997715,83121600
3/29/2019,47.4575,47.52,47.134998,47.487499,46.297508,94256000
4/1/2019,47.91,47.919998,47.095001,47.810001,46.611931,111448000
4/2/2019,47.772499,48.615002,47.762501,48.505001,47.289505,91062800
4/3/2019,48.3125,49.125,48.287498,48.837502,47.613674,93087200
4/4/2019,48.697498,49.092499,48.285,48.922501,47.696545,76457200
4/5/2019,49.112499,49.275002,48.982498,49.25,48.015842,74106400
4/8/2019,49.105,50.057499,49.084999,50.025002,48.771423,103526800
4/9/2019,50.080002,50.712502,49.807499,49.875,48.625175,143072800
4/10/2019,49.669998,50.185001,49.544998,50.154999,48.898155,86781200
4/11/2019,50.212502,50.25,49.610001,49.737499,48.491116,83603200
4/12/2019,49.799999,50.035,49.052502,49.717499,48.471622,111042800
4/15/2019,49.645,49.962502,49.502499,49.807499,48.559364,70146400
4/16/2019,49.865002,50.342499,49.639999,49.8125,48.564243,102785600
4/17/2019,49.884998,50.845001,49.6525,50.782501,49.509937,115627200
4/18/2019,50.779999,51.037498,50.630001,50.965,49.687862,96783200
4/22/2019,50.7075,51.235001,50.584999,51.1325,49.851158,77758000
4/23/2019,51.107498,51.9375,50.974998,51.869999,50.570179,93292000
4/24/2019,51.84,52.119999,51.762501,51.790001,50.492188,70162400
4/25/2019,51.7075,51.939999,51.279999,51.32,50.03397,74172800
4/26/2019,51.224998,51.25,50.529999,51.075001,49.795105,74596400
4/29/2019,51.099998,51.4925,50.965,51.1525,49.870659,88818800
4/30/2019,50.764999,50.849998,49.7775,50.1675,48.910347,186139600
5/1/2019,52.470001,53.827499,52.307499,52.630001,51.311138,259309200
5/2/2019,52.459999,53.162498,52.032501,52.287498,50.977219,127985200
5/3/2019,52.7225,52.959999,52.557499,52.9375,51.610935,83569600
5/6/2019,51.072498,52.209999,50.875,52.119999,50.813923,129772400
5/7/2019,51.470001,51.855,50.2075,50.715,49.44413,155054800
5/8/2019,50.474998,51.334999,50.4375,50.724998,49.453873,105358000
5/9/2019,50.099998,50.419998,49.165001,50.18,48.922543,139634400
5/10/2019,49.355,49.712502,48.192501,49.294998,48.244785,164834800
5/13/2019,46.927502,47.369999,45.712502,46.43,45.440823,229722400
5/14/2019,46.602501,47.424999,46.352501,47.165001,46.160168,146118800
5/15/2019,46.567501,47.9375,46.505001,47.73,46.713131,106178800
5/16/2019,47.477501,48.1175,47.209999,47.52,46.50761,132125600
5/17/2019,46.732498,47.724998,46.689999,47.25,46.243359,131516400
5/20/2019,45.880001,46.087502,45.07,45.772499,44.79734,154449200
5/21/2019,46.305,47,46.174999,46.650002,45.656139,113459200
5/22/2019,46.165001,46.427502,45.637501,45.695,44.721489,118994400
5/23/2019,44.950001,45.134998,44.452499,44.915001,43.958103,146118800
5/24/2019,45.049999,45.535,44.654999,44.7425,43.789276,94858800
5/28/2019,44.73,45.147499,44.477501,44.557499,43.608215,111792800
5/29/2019,44.105,44.837502,44,44.345001,43.400246,113924800
5/30/2019,44.487499,44.807499,44.1675,44.575001,43.625347,84873600
5/31/2019,44.057499,44.497501,43.747501,43.767502,42.835049,108174400
6/3/2019,43.900002,44.48,42.567501,43.325001,42.401981,161584400
6/4/2019,43.860001,44.9575,43.630001,44.91,43.953213,123872000
6/5/2019,46.07,46.247501,45.285,45.634998,44.662758,119093600
6/6/2019,45.77,46.3675,45.537498,46.305,45.318481,90105200
6/7/2019,46.627499,47.98,46.442501,47.537498,46.524731,122737600
6/10/2019,47.952499,48.842499,47.904999,48.145,47.119293,104883600
6/11/2019,48.715,49,48.400002,48.702499,47.664913,107731600
6/12/2019,48.487499,48.9925,48.3475,48.547501,47.51321,73012800
6/13/2019,48.674999,49.197498,48.400002,48.537498,47.503426,86698400
6/14/2019,47.887501,48.397499,47.575001,48.185001,47.158443,75046000
6/17/2019,48.224998,48.740002,48.0425,48.4725,47.439812,58676400
6/18/2019,49.012501,50.072498,48.802502,49.612499,48.555527,106204000
6/19/2019,49.919998,49.970001,49.327499,49.467499,48.413612,84496800
6/20/2019,50.092499,50.1525,49.5075,49.865002,48.802647,86056000
6/21/2019,49.700001,50.212502,49.537498,49.695,48.636269,191202400
6/24/2019,49.634998,50.040001,49.5425,49.645,48.587334,72881600
6/25/2019,49.607498,49.814999,48.822498,48.892502,47.850868,84281200
6/26/2019,49.442501,50.247501,49.337502,49.950001,48.885834,104270000
6/27/2019,50.072498,50.392502,49.892502,49.935001,48.871155,83598800
6/28/2019,49.669998,49.875,49.262501,49.48,48.425842,124442400
7/1/2019,50.7925,51.122501,50.162498,50.387501,49.314014,109012000
7/2/2019,50.352501,50.782501,50.34,50.682499,49.60273,67740800
7/3/2019,50.82,51.110001,50.672501,51.102501,50.013786,45448000
7/5/2019,50.837502,51.27,50.724998,51.057499,49.969742,69062000
7/8/2019,50.202499,50.349998,49.602501,50.005001,48.939663,101354400
7/9/2019,49.799999,50.377499,49.702499,50.310001,49.238167,82312000
7/10/2019,50.462502,50.932499,50.389999,50.807499,49.725067,71588400
7/11/2019,50.827499,51.0975,50.427502,50.4375,49.362946,80767200
7/12/2019,50.612499,51,50.549999,50.825001,49.742191,70380800
7/15/2019,51.022499,51.467499,51,51.302502,50.209522,67789600
7/16/2019,51.147499,51.5275,50.875,51.125,50.035805,67467200
7/17/2019,51.012501,51.272499,50.817501,50.837502,49.754433,56430000
7/18/2019,51,51.470001,50.924999,51.415001,50.319622,74162400
7/19/2019,51.447498,51.625,50.59,50.647499,49.568474,83717200
7/22/2019,50.912498,51.807499,50.9025,51.805,50.701313,89111600
7/23/2019,52.115002,52.227501,51.822498,52.209999,51.097679,73420800
7/24/2019,51.9175,52.287498,51.7925,52.1675,51.056087,59966400
7/25/2019,52.2225,52.310001,51.682499,51.755001,50.652386,55638400
7/26/2019,51.869999,52.432499,51.785,51.935001,50.828545,70475600
7/29/2019,52.115002,52.66,52.110001,52.419998,51.303207,86693600
7/30/2019,52.189999,52.540001,51.827499,52.195,51.083004,135742800
7/31/2019,54.105,55.342499,52.825001,53.259998,52.125317,277125600
8/1/2019,53.474998,54.5075,51.685001,52.107498,50.997364,216071600
8/2/2019,51.3825,51.607498,50.407501,51.005001,49.918358,163448400
8/5/2019,49.497501,49.662498,48.145,48.334999,47.305241,209572000
8/6/2019,49.077499,49.517502,48.509998,49.25,48.200748,143299200
8/7/2019,48.852501,49.889999,48.455002,49.759998,48.699883,133457600
8/8/2019,50.049999,50.8825,49.8475,50.857498,49.774002,108038000
8/9/2019,50.325001,50.689999,49.822498,50.247501,49.36385,98478800
8/12/2019,49.904999,50.512501,49.787498,50.119999,49.238575,89927600
8/13/2019,50.255001,53.035,50.119999,52.2425,51.323757,188874000
8/14/2019,50.790001,51.610001,50.647499,50.6875,49.796104,146189600
8/15/2019,50.865002,51.285,49.9175,50.435001,49.548042,108909600
8/16/2019,51.07,51.790001,50.959999,51.625,50.717117,110481600
8/19/2019,52.654999,53.182499,52.5075,52.587502,51.662685,97654400
8/20/2019,52.720001,53.337502,52.580002,52.59,51.665146,107537200
8/21/2019,53.247501,53.412498,52.900002,53.16,52.225113,86141600
8/22/2019,53.297501,53.610001,52.6875,53.115002,52.18092,89014800
8/23/2019,52.357498,53.012501,50.25,50.66,49.769085,187272000
8/26/2019,51.465,51.797501,51.264999,51.622501,50.714661,104174400
8/27/2019,51.965,52.137501,50.8825,51.040001,50.142406,103493200
8/28/2019,51.025002,51.43,50.830002,51.3825,50.478878,63755200
8/29/2019,52.125,52.330002,51.665001,52.252499,51.33358,83962000
8/30/2019,52.540001,52.612499,51.799999,52.185001,51.267265,84573600
9/3/2019,51.607498,51.744999,51.055,51.424999,50.520638,80092000
9/4/2019,52.0975,52.369999,51.830002,52.297501,51.377796,76752400
9/5/2019,53,53.4925,52.877499,53.32,52.382309,95654800
9/6/2019,53.512501,53.605,53.127499,53.314999,52.377392,77449200
9/9/2019,53.709999,54.110001,52.767502,53.5425,52.600895,109237600
9/10/2019,53.465,54.195,52.927502,54.174999,53.222271,127111600
9/11/2019,54.517502,55.927502,54.432499,55.897499,54.914478,177158400
9/12/2019,56.200001,56.605,55.715,55.772499,54.791679,128906800
9/13/2019,55,55.197498,54.255001,54.6875,53.725754,159053200
9/16/2019,54.432499,55.032501,54.389999,54.974998,54.008202,84632400
9/17/2019,54.990002,55.205002,54.779999,55.174999,54.204689,73274800
9/18/2019,55.264999,55.712502,54.860001,55.692501,54.713085,101360000
9/19/2019,55.502499,55.939999,55.092499,55.240002,54.268536,88242400
9/20/2019,55.345001,55.639999,54.3675,54.432499,53.475243,221652400
9/23/2019,54.737499,54.959999,54.412498,54.68,53.718391,76662000
9/24/2019,55.2575,55.622501,54.297501,54.419998,53.462959,124763200
9/25/2019,54.637501,55.375,54.285,55.2575,54.28574,87613600
9/26/2019,55,55.235001,54.7075,54.9725,54.005749,75334000
9/27/2019,55.134998,55.240002,54.32,54.705002,53.742954,101408000
9/30/2019,55.224998,56.145,55.197498,55.9925,55.007809,103909600
10/1/2019,56.267502,57.055,56.049999,56.147499,55.160084,139223200
10/2/2019,55.764999,55.895,54.482498,54.740002,53.77734,138449200
10/3/2019,54.607498,55.240002,53.782501,55.205002,54.234161,114426000
10/4/2019,56.41,56.872501,55.9725,56.752499,55.754436,138478800
10/7/2019,56.567501,57.482498,56.459999,56.764999,55.766731,122306000
10/8/2019,56.455002,57.014999,56.0825,56.099998,55.113419,111820000
10/9/2019,56.7575,56.947498,56.41,56.7575,55.759357,74770400
10/10/2019,56.982498,57.610001,56.825001,57.522499,56.510902,113013600
10/11/2019,58.237499,59.41,58.077499,59.052502,58.013996,166795600
10/14/2019,58.724998,59.532501,58.6675,58.967499,57.930489,96427600
10/15/2019,59.0975,59.412498,58.720001,58.830002,57.795406,87360000
10/16/2019,58.342499,58.810001,58.299999,58.592499,57.562084,73903200
10/17/2019,58.772499,59.037498,58.380001,58.82,57.78558,67585200
10/18/2019,58.647499,59.395,58.572498,59.102501,58.063118,97433600
10/21/2019,59.380001,60.247501,59.330002,60.127499,59.070087,87247200
10/22/2019,60.290001,60.549999,59.904999,59.990002,58.935013,82293600
10/23/2019,60.525002,60.810001,60.305,60.794998,59.725857,75828800
10/24/2019,61.127499,61.200001,60.452499,60.895,59.824093,69275200
10/25/2019,60.790001,61.682499,60.720001,61.645,60.560905,73477200
10/28/2019,61.855,62.3125,61.68,62.262501,61.167545,96572800
10/29/2019,62.2425,62.4375,60.642502,60.822498,59.752872,142839600
10/30/2019,61.189999,61.325001,60.302502,60.814999,59.745499,124522000
10/31/2019,61.810001,62.2925,59.314999,62.189999,61.096317,139162000
11/1/2019,62.384998,63.982498,62.290001,63.955002,62.83028,151125200
11/4/2019,64.332497,64.462502,63.845001,64.375,63.242897,103272000
11/5/2019,64.262497,64.547501,64.080002,64.282501,63.152016,79897600
11/6/2019,64.192497,64.372498,63.842499,64.309998,63.179031,75864400
11/7/2019,64.684998,65.087502,64.527496,64.857498,63.908203,94940400
11/8/2019,64.672501,65.110001,64.212502,65.035004,64.083122,69986400
11/11/2019,64.574997,65.6175,64.57,65.550003,64.590569,81821200
11/12/2019,65.387497,65.697502,65.230003,65.489998,64.531433,87388800
11/13/2019,65.282501,66.195,65.267502,66.1175,65.149757,102734400
11/14/2019,65.9375,66.220001,65.525002,65.660004,64.698959,89182800
11/15/2019,65.919998,66.445,65.752502,66.440002,65.467552,100206400
11/18/2019,66.449997,66.857498,66.057503,66.775002,65.797653,86703200
11/19/2019,66.974998,67,66.347504,66.572502,65.598099,76167200
11/20/2019,66.385002,66.519997,65.099998,65.797501,64.834457,106234400
11/21/2019,65.922501,66.002502,65.294998,65.502502,64.54377,121395200
11/22/2019,65.647499,65.794998,65.209999,65.445,64.487099,65325200
11/25/2019,65.677498,66.610001,65.629997,66.592499,65.617805,84020400
11/26/2019,66.735001,66.790001,65.625,66.072502,65.105423,105207600
11/27/2019,66.394997,66.995003,66.327499,66.959999,65.979935,65235600
11/29/2019,66.650002,67,66.474998,66.8125,65.834595,46617600
12/2/2019,66.817497,67.0625,65.862503,66.040001,65.073395,94487200
12/3/2019,64.577499,64.8825,64.072502,64.862503,63.913136,114430400
12/4/2019,65.267502,65.827499,65.169998,65.434998,64.477249,67181600
12/5/2019,65.947502,66.472504,65.682503,66.394997,65.423195,74424400
12/6/2019,66.870003,67.75,66.824997,67.677498,66.686928,106075600
12/9/2019,67.5,67.699997,66.227501,66.730003,65.753304,128042400
12/10/2019,67.150002,67.517502,66.464996,67.120003,66.137589,90420400
12/11/2019,67.202499,67.775002,67.125,67.692497,66.701698,78756800
12/12/2019,66.945,68.139999,66.830002,67.864998,66.871681,137310400
12/13/2019,67.864998,68.824997,67.732498,68.787498,67.780685,133587600
12/16/2019,69.25,70.197502,69.245003,69.964996,68.940948,128186000
12/17/2019,69.892502,70.442497,69.699997,70.102501,69.076439,114158400
12/18/2019,69.949997,70.474998,69.779999,69.934998,68.911392,116028400
12/19/2019,69.875,70.294998,69.737503,70.004997,68.980354,98369200
12/20/2019,70.557503,70.662498,69.639999,69.860001,68.837479,275978000
12/23/2019,70.1325,71.0625,70.092499,71,69.9608,98572000
12/24/2019,71.172501,71.222504,70.730003,71.067497,70.027313,48478800
12/26/2019,71.205002,72.495003,71.175003,72.477501,71.416672,93121200
12/27/2019,72.779999,73.4925,72.029999,72.449997,71.389572,146266000
12/30/2019,72.364998,73.172501,71.305,72.879997,71.813278,144114400
12/31/2019,72.482498,73.419998,72.379997,73.412498,72.337982,100805600
1/2/2020,74.059998,75.150002,73.797501,75.087502,73.988464,135480400
1/3/2020,74.287498,75.144997,74.125,74.357498,73.26915,146322800
1/6/2020,73.447502,74.989998,73.1875,74.949997,73.852974,118387200
1/7/2020,74.959999,75.224998,74.370003,74.597504,73.505646,108872000
1/8/2020,74.290001,76.110001,74.290001,75.797501,74.68808,132079200
1/9/2020,76.809998,77.607498,76.550003,77.407501,76.274513,170108400
1/10/2020,77.650002,78.167503,77.0625,77.582497,76.446938,140644800
1/13/2020,77.910004,79.267502,77.787498,79.239998,78.0802,121532000
1/14/2020,79.175003,79.392502,78.042503,78.169998,77.025841,161954400
1/15/2020,77.962502,78.875,77.387497,77.834999,76.695763,121923600
1/16/2020,78.397499,78.925003,78.022499,78.809998,77.656479,108829200
1/17/2020,79.067497,79.684998,78.75,79.682503,78.51622,137816400
1/21/2020,79.297501,79.754997,79,79.142502,77.984116,110843200
1/22/2020,79.644997,79.997498,79.327499,79.425003,78.262489,101832400
1/23/2020,79.480003,79.889999,78.912498,79.807503,78.639389,104472000
1/24/2020,80.0625,80.832497,79.379997,79.577499,78.41275,146537600
1/27/2020,77.514999,77.942497,76.220001,77.237503,76.10701,161940000
1/28/2020,78.150002,79.599998,78.047501,79.422501,78.260017,162234000
1/29/2020,81.112503,81.962502,80.345001,81.084999,79.898186,216229200
1/30/2020,80.135002,81.022499,79.6875,80.967499,79.78241,126743200
1/31/2020,80.232498,80.669998,77.072502,77.377502,76.244957,199588400
2/3/2020,76.074997,78.372498,75.555,77.165001,76.035568,173788400
2/4/2020,78.827499,79.910004,78.407501,79.712502,78.545792,136616400
2/5/2020,80.879997,81.190002,79.737503,80.362503,79.186256,118826800
2/6/2020,80.642502,81.305,80.065002,81.302498,80.112511,105425600
2/7/2020,80.592499,80.849998,79.5,80.0075,79.023552,117684000
2/10/2020,78.544998,80.387497,78.462502,80.387497,79.398888,109348800
2/11/2020,80.900002,80.974998,79.677498,79.902496,78.919846,94323200
2/12/2020,80.3675,81.805,80.3675,81.800003,80.794014,113730400
2/13/2020,81.047501,81.555,80.837502,81.217499,80.218666,94747600
2/14/2020,81.184998,81.495003,80.712502,81.237503,80.238434,80113600
2/18/2020,78.839996,79.9375,78.652496,79.75,78.769218,152531200
2/19/2020,80,81.142502,80,80.904999,79.910019,93984000
2/20/2020,80.657501,81.162498,79.552498,80.074997,79.090233,100566000
2/21/2020,79.654999,80.112503,77.625,78.262497,77.300011,129554000
2/24/2020,74.315002,76.044998,72.307503,74.544998,73.628235,222195200
2/25/2020,75.237503,75.6325,71.532501,72.019997,71.134277,230673600
2/26/2020,71.6325,74.470001,71.625,73.162498,72.262749,198054800
2/27/2020,70.275002,71.5,68.239998,68.379997,67.539055,320605600
2/28/2020,64.315002,69.602501,64.092499,68.339996,67.499557,426510000
3/2/2020,70.57,75.360001,69.43,74.702499,73.783798,341397200
3/3/2020,75.917503,76,71.449997,72.330002,71.440468,319475600
3/4/2020,74.110001,75.849998,73.282501,75.684998,74.754211,219178400
3/5/2020,73.879997,74.887497,72.852501,73.230003,72.329414,187572800
3/6/2020,70.5,72.705002,70.307503,72.2575,71.368874,226176800
3/9/2020,65.9375,69.522499,65.75,66.542503,65.724159,286744800
3/10/2020,69.285004,71.610001,67.342499,71.334999,70.457726,285290000
3/11/2020,69.347504,70.305,67.964996,68.857498,68.010674,255598800
3/12/2020,63.985001,67.5,62,62.057499,61.294312,418474000
3/13/2020,66.222504,69.980003,63.237499,69.4925,68.637871,370732000
3/16/2020,60.487499,64.769997,60,60.552502,59.807819,322423600
3/17/2020,61.877499,64.402496,59.599998,63.215,62.437576,324056000
3/18/2020,59.942501,62.5,59.279999,61.6675,60.909103,300233600
3/19/2020,61.8475,63.209999,60.6525,61.195,60.442421,271857200
3/20/2020,61.794998,62.9575,57,57.310001,56.605202,401693200
3/23/2020,57.02,57.125,53.1525,56.092499,55.402668,336752800
3/24/2020,59.09,61.922501,58.575001,61.720001,60.960964,287531200
3/25/2020,62.6875,64.5625,61.075001,61.380001,60.625145,303602000
3/26/2020,61.630001,64.669998,61.59,64.610001,63.815418,252087200
3/27/2020,63.1875,63.967499,61.762501,61.935001,61.173321,204216800
3/30/2020,62.685001,63.880001,62.349998,63.702499,62.919075,167976400
3/31/2020,63.900002,65.622498,63,63.572498,62.790676,197002000
4/1/2020,61.625,62.18,59.782501,60.227501,59.486824,176218400
4/2/2020,60.084999,61.287498,59.224998,61.232498,60.479454,165934000
4/3/2020,60.700001,61.424999,59.7425,60.352501,59.610283,129880000
4/6/2020,62.724998,65.777496,62.345001,65.6175,64.810524,201820400
4/7/2020,67.699997,67.925003,64.75,64.857498,64.059875,202887200
4/8/2020,65.684998,66.842499,65.307503,66.517502,65.699471,168895200
4/9/2020,67.175003,67.517502,66.175003,66.997498,66.173553,161834800
4/13/2020,67.077499,68.425003,66.457497,68.3125,67.472389,131022800
4/14/2020,70,72.0625,69.512497,71.762497,70.879944,194994800
4/15/2020,70.599998,71.582497,70.157501,71.107498,70.233009,131154400
4/16/2020,71.845001,72.050003,70.587502,71.672501,70.791061,157125200
4/17/2020,71.172501,71.737503,69.214996,70.699997,69.830521,215250000
4/20/2020,69.487503,70.419998,69.212502,69.232498,68.381073,130015200
4/21/2020,69.07,69.3125,66.357498,67.092499,66.267387,180991600
4/22/2020,68.402496,69.474998,68.050003,69.025002,68.176109,116862400
4/23/2020,68.967499,70.4375,68.717499,68.7575,67.911911,124814400
4/24/2020,69.300003,70.752502,69.25,70.7425,69.872498,126161200
4/27/2020,70.449997,71.135002,69.987503,70.792503,69.92189,117087600
4/28/2020,71.269997,71.457497,69.550003,69.644997,68.788506,112004800
4/29/2020,71.182503,72.417503,70.972504,71.932503,71.047867,137280800
4/30/2020,72.489998,73.6325,72.087502,73.449997,72.5467,183064000
5/1/2020,71.5625,74.75,71.462502,72.267502,71.378754,240616800
5/4/2020,72.292503,73.422501,71.580002,73.290001,72.388672,133568000
5/5/2020,73.764999,75.25,73.614998,74.389999,73.475151,147751200
5/6/2020,75.114998,75.809998,74.717499,75.157501,74.2332,142333600
5/7/2020,75.805,76.292503,75.4925,75.934998,75.001144,115215200
5/8/2020,76.410004,77.587502,76.072502,77.532501,76.786308,133838400
5/11/2020,77.025002,79.262497,76.809998,78.752502,77.994553,145946400
5/12/2020,79.457497,79.922501,77.727501,77.852501,77.103218,162301200
5/13/2020,78.037498,78.987503,75.802498,76.912498,76.172264,200622400
5/14/2020,76.127502,77.447502,75.3825,77.385002,76.640221,158929200
5/15/2020,75.087502,76.974998,75.052498,76.927498,76.187111,166348400
5/18/2020,78.292503,79.125,77.580002,78.739998,77.982178,135178400
5/19/2020,78.7575,79.629997,78.252502,78.285004,77.531555,101729600
5/20/2020,79.169998,79.879997,79.129997,79.807503,79.039398,111504800
5/21/2020,79.665001,80.222504,78.967499,79.212502,78.450127,102688800
5/22/2020,78.942497,79.807503,78.837502,79.722504,78.955231,81803200
5/26/2020,80.875,81.059998,79.125,79.182503,78.42041,125522000
5/27/2020,79.035004,79.677498,78.272499,79.527496,78.7621,112945200
5/28/2020,79.192497,80.860001,78.907501,79.5625,78.796753,133560800
5/29/2020,79.8125,80.287498,79.1175,79.485001,78.720009,153532400
6/1/2020,79.4375,80.587502,79.302498,80.462502,79.688103,80791200
6/2/2020,80.1875,80.860001,79.732498,80.834999,80.057014,87642800
6/3/2020,81.165001,81.550003,80.574997,81.279999,80.497719,104491200
6/4/2020,81.097504,81.404999,80.195,80.580002,79.804466,87560400
6/5/2020,80.837502,82.9375,80.807503,82.875,82.077377,137250400
6/8/2020,82.5625,83.400002,81.830002,83.364998,82.562653,95654400
6/9/2020,83.035004,86.402496,83.002502,85.997498,85.169823,147712400
6/10/2020,86.974998,88.692497,86.522499,88.209999,87.361038,166651600
6/11/2020,87.327499,87.764999,83.870003,83.974998,83.166794,201662400
6/12/2020,86.18,86.949997,83.555,84.699997,83.884811,200146000
6/15/2020,83.3125,86.419998,83.144997,85.747498,84.922226,138808800
6/16/2020,87.864998,88.300003,86.18,88.019997,87.172859,165428800
6/17/2020,88.787498,88.849998,87.772499,87.897499,87.051537,114406400
6/18/2020,87.852501,88.362503,87.305,87.932503,87.086197,96820400
6/19/2020,88.660004,89.139999,86.287498,87.43,86.588539,264476000
6/22/2020,87.834999,89.864998,87.787498,89.717499,88.854027,135445200
6/23/2020,91,93.095001,90.567497,91.6325,90.750587,212155600
6/24/2020,91.25,92.197502,89.629997,90.014999,89.148659,192623200
6/25/2020,90.175003,91.25,89.392502,91.209999,90.332153,137522400
6/26/2020,91.102501,91.330002,88.254997,88.407501,87.556625,205256800
6/29/2020,88.3125,90.542503,87.82,90.445,89.574524,130646000
6/30/2020,90.019997,91.495003,90,91.199997,90.322258,140223200
7/1/2020,91.279999,91.839996,90.977501,91.027496,90.151413,110737200
7/2/2020,91.962502,92.6175,90.910004,91.027496,90.151413,114041600
7/6/2020,92.5,93.945,92.467499,93.462502,92.562988,118655600
7/7/2020,93.852501,94.654999,93.057503,93.172501,92.275764,112424400
7/8/2020,94.18,95.375,94.089996,95.342499,94.424881,117092000
7/9/2020,96.262497,96.317497,94.672501,95.752502,94.830956,125642800
7/10/2020,95.334999,95.980003,94.705002,95.919998,94.996826,90257200
7/13/2020,97.264999,99.955002,95.2575,95.477501,94.558586,191649200
7/14/2020,94.839996,97.254997,93.877502,97.057503,96.123383,170989200
7/15/2020,98.989998,99.247498,96.489998,97.724998,96.784454,153198000
7/16/2020,96.5625,97.404999,95.904999,96.522499,95.593529,110577600
7/17/2020,96.987503,97.147499,95.839996,96.327499,95.400406,92186800
7/20/2020,96.417503,98.5,96.0625,98.357498,97.410866,90318000
7/21/2020,99.172501,99.25,96.7425,97,96.066437,103433200
7/22/2020,96.692497,97.974998,96.602501,97.272499,96.336296,89001600
7/23/2020,96.997498,97.077499,92.010002,92.845001,91.951424,197004400
7/24/2020,90.987503,92.970001,89.144997,92.614998,91.72364,185438800
7/27/2020,93.709999,94.904999,93.480003,94.809998,93.897507,121214000
7/28/2020,94.3675,94.550003,93.247498,93.252502,92.355011,103625600
7/29/2020,93.75,95.230003,93.712502,95.040001,94.12529,90329200
7/30/2020,94.1875,96.297501,93.767502,96.190002,95.264229,158130000
7/31/2020,102.885002,106.415001,100.824997,106.260002,105.237312,374336800
8/3/2020,108.199997,111.637497,107.892502,108.9375,107.889046,308151200
8/4/2020,109.1325,110.790001,108.387497,109.665001,108.60955,173071600
8/5/2020,109.377502,110.392502,108.897499,110.0625,109.003212,121776800
8/6/2020,110.404999,114.412498,109.797501,113.902496,112.806252,202428800
8/7/2020,113.205002,113.675003,110.292503,111.112503,110.241531,198045600
8/10/2020,112.599998,113.775002,110,112.727501,111.843857,212403600
8/11/2020,111.970001,112.482498,109.107498,109.375,108.517632,187902400
8/12/2020,110.497498,113.275002,110.297501,113.010002,112.124153,165598000
8/13/2020,114.43,116.042503,113.927498,115.010002,114.108459,210082000
8/14/2020,114.830002,115,113.044998,114.907501,114.006767,165565200
8/17/2020,116.0625,116.087502,113.962502,114.607498,113.709114,119561600
8/18/2020,114.352501,116,114.0075,115.5625,114.656639,105633600
8/19/2020,115.982498,117.162498,115.610001,115.707497,114.800499,145538000
8/20/2020,115.75,118.392502,115.732498,118.275002,117.34787,126907200
8/21/2020,119.262497,124.8675,119.25,124.370003,123.395103,338054800
8/24/2020,128.697495,128.785004,123.9375,125.857498,124.870934,345937600
8/25/2020,124.697502,125.18,123.052498,124.824997,123.846527,211495600
8/26/2020,126.18,126.9925,125.082497,126.522499,125.530724,163022400
8/27/2020,127.142502,127.485001,123.832497,125.010002,124.030083,155552400
8/28/2020,126.012497,126.442497,124.577499,124.807503,123.829163,187630000
8/31/2020,127.580002,131,126,129.039993,128.028488,225702700
9/1/2020,132.759995,134.800003,130.529999,134.179993,133.128189,151948100
9/2/2020,137.589996,137.979996,127,131.399994,130.369995,200119000
9/3/2020,126.910004,128.839996,120.5,120.879997,119.932449,257599600
9/4/2020,120.07,123.699997,110.889999,120.959999,120.011826,332607200
9/8/2020,113.949997,118.989998,112.68,112.82,111.935638,231366600
9/9/2020,117.260002,119.139999,115.260002,117.32,116.400352,176940500
9/10/2020,120.360001,120.5,112.5,113.489998,112.600388,182274400
9/11/2020,114.57,115.230003,110,112,111.122063,180860300
9/14/2020,114.720001,115.93,112.800003,115.360001,114.455719,140150100
9/15/2020,118.330002,118.830002,113.610001,115.540001,114.634315,184642000
9/16/2020,115.230003,116,112.040001,112.129997,111.251038,154679000
9/17/2020,109.720001,112.199997,108.709999,110.339996,109.475067,178011000
9/18/2020,110.400002,110.879997,106.089996,106.839996,106.002502,287104900
9/21/2020,104.540001,110.190002,103.099998,110.080002,109.217117,195713800
9/22/2020,112.68,112.860001,109.160004,111.809998,110.93354,183055400
9/23/2020,111.620003,112.110001,106.769997,107.120003,106.280327,150718700
9/24/2020,105.169998,110.25,105,108.220001,107.371689,167743300
9/25/2020,108.43,112.440002,107.669998,112.279999,111.399857,149981400
9/28/2020,115.010002,115.32,112.779999,114.959999,114.058846,137672400
9/29/2020,114.550003,115.309998,113.57,114.089996,113.195679,99382200
9/30/2020,113.790001,117.260002,113.620003,115.809998,114.902199,142675200
10/1/2020,117.639999,117.720001,115.830002,116.790001,115.874519,116120400
10/2/2020,112.889999,115.370003,112.220001,113.019997,112.134071,144712000
10/5/2020,113.910004,116.650002,113.550003,116.5,115.586784,106243800
10/6/2020,115.699997,116.120003,112.25,113.160004,112.272972,161498200
10/7/2020,114.620003,115.550003,114.129997,115.080002,114.177925,96849000
10/8/2020,116.25,116.400002,114.589996,114.970001,114.068771,83477200
10/9/2020,115.279999,117,114.919998,116.970001,116.053108,100506900
10/12/2020,120.059998,125.18,119.279999,124.400002,123.424866,240226800
10/13/2020,125.269997,125.389999,119.650002,121.099998,120.150719,262330500
10/14/2020,121,123.029999,119.620003,121.190002,120.240021,150712000
10/15/2020,118.720001,121.199997,118.150002,120.709999,119.763786,112559200
10/16/2020,121.279999,121.550003,118.809998,119.019997,118.087021,115393800
10/19/2020,119.959999,120.419998,115.660004,115.980003,115.070862,120639300
10/20/2020,116.199997,118.980003,115.629997,117.510002,116.588875,124423700
10/21/2020,116.669998,118.709999,116.449997,116.870003,115.953896,89946000
10/22/2020,117.449997,118.040001,114.589996,115.75,114.842667,101988000
10/23/2020,116.389999,116.550003,114.279999,115.040001,114.138237,82572600
10/26/2020,114.010002,116.550003,112.879997,115.050003,114.148163,111850700
10/27/2020,115.489998,117.279999,114.540001,116.599998,115.686012,92276800
10/28/2020,115.050003,115.43,111.099998,111.199997,110.328331,143937800
10/29/2020,112.370003,116.93,112.199997,115.32,114.416039,146129200
10/30/2020,111.059998,111.989998,107.720001,108.860001,108.006676,190272600
11/2/2020,109.110001,110.68,107.32,108.769997,107.917381,122866900
11/3/2020,109.660004,111.489998,108.730003,110.440002,109.574287,107624400
11/4/2020,114.139999,115.589996,112.349998,114.949997,114.048935,138235500
11/5/2020,117.949997,119.620003,116.870003,119.029999,118.096947,126387100
11/6/2020,118.32,119.199997,116.129997,118.690002,117.962791,114457900
11/9/2020,120.5,121.989998,116.050003,116.32,115.6073,154515300
11/10/2020,115.550003,117.589996,114.129997,115.970001,115.259453,138023400
11/11/2020,117.190002,119.629997,116.440002,119.489998,118.757881,112295000
11/12/2020,119.620003,120.529999,118.57,119.209999,118.479599,103162300
11/13/2020,119.440002,119.669998,117.870003,119.260002,118.529289,81581900
11/16/2020,118.919998,120.989998,118.150002,120.300003,119.56292,91183000
11/17/2020,119.550003,120.669998,118.959999,119.389999,118.658501,74271000
11/18/2020,118.610001,119.82,118,118.029999,117.306824,76322100
11/19/2020,117.589996,119.059998,116.809998,118.639999,117.913094,74113000
11/20/2020,118.639999,118.769997,117.290001,117.339996,116.621056,73604300
11/23/2020,117.18,117.620003,113.75,113.849998,113.152435,127959300
11/24/2020,113.910004,115.849998,112.589996,115.169998,114.464355,113874200
11/25/2020,115.550003,116.75,115.169998,116.029999,115.319084,76499200
11/27/2020,116.57,117.489998,116.220001,116.589996,115.875641,46691300
11/30/2020,116.970001,120.970001,116.809998,119.050003,118.32058,169410200
12/1/2020,121.010002,123.470001,120.010002,122.720001,121.968102,127728200
12/2/2020,122.019997,123.370003,120.889999,123.080002,122.32589,89004200
12/3/2020,123.519997,123.779999,122.209999,122.940002,122.186752,78967600
12/4/2020,122.599998,122.860001,121.519997,122.25,121.500977,78260400
12/7/2020,122.309998,124.57,122.25,123.75,122.991783,86712000
12/8/2020,124.370003,124.980003,123.089996,124.379997,123.61792,82225500
12/9/2020,124.529999,125.949997,121,121.779999,121.033844,115089200
12/10/2020,120.5,123.870003,120.150002,123.239998,122.484901,81312200
12/11/2020,122.43,122.760002,120.550003,122.410004,121.659996,86939800
12/14/2020,122.599998,123.349998,121.540001,121.779999,121.033844,79184500
12/15/2020,124.339996,127.900002,124.129997,127.879997,127.096466,157243700
12/16/2020,127.410004,128.369995,126.559998,127.809998,127.026901,98208600
12/17/2020,128.899994,129.580002,128.039993,128.699997,127.911446,94359800
12/18/2020,128.960007,129.100006,126.120003,126.660004,125.883957,192541500
12/21/2020,125.019997,128.309998,123.449997,128.229996,127.444336,121251600
12/22/2020,131.610001,134.410004,129.649994,131.880005,131.071976,168904800
12/23/2020,132.160004,132.429993,130.779999,130.960007,130.157608,88223700
12/24/2020,131.320007,133.460007,131.100006,131.970001,131.161423,54930100
12/28/2020,133.990005,137.339996,133.509995,136.690002,135.852524,124486200
12/29/2020,138.050003,138.789993,134.339996,134.869995,134.04364,121047300
12/30/2020,135.580002,135.990005,133.399994,133.720001,132.900696,96452100
12/31/2020,134.080002,134.740005,131.720001,132.690002,131.877014,99116600
1/4/2021,133.520004,133.610001,126.760002,129.410004,128.617111,143301900
1/5/2021,128.889999,131.740005,128.429993,131.009995,130.207291,97664900
1/6/2021,127.720001,131.050003,126.379997,126.599998,125.824326,155088000
1/7/2021,128.360001,131.630005,127.860001,130.919998,130.117859,109578200
1/8/2021,132.429993,132.630005,130.229996,132.050003,131.240921,105158200
1/11/2021,129.190002,130.169998,128.5,128.979996,128.189743,100384500
1/12/2021,128.5,129.690002,126.860001,128.800003,128.010849,91951100
1/13/2021,128.759995,131.449997,128.490005,130.889999,130.088043,88636800
1/14/2021,130.800003,131,128.759995,128.910004,128.120178,90221800
1/15/2021,128.779999,130.220001,127,127.139999,126.361008,111598500
1/19/2021,127.779999,128.710007,126.940002,127.830002,127.046791,90757300
1/20/2021,128.660004,132.490005,128.550003,132.029999,131.221039,104319500
1/21/2021,133.800003,139.669998,133.589996,136.869995,136.031387,120150900
1/22/2021,136.279999,139.850006,135.020004,139.070007,138.217926,114459400
1/25/2021,143.070007,145.089996,136.539993,142.919998,142.044327,157611700
1/26/2021,143.600006,144.300003,141.369995,143.160004,142.282867,98390600
1/27/2021,143.429993,144.300003,140.410004,142.059998,141.189606,140843800
1/28/2021,139.520004,141.990005,136.699997,137.089996,136.250046,142621100
1/29/2021,135.830002,136.740005,130.210007,131.960007,131.151489,177523800
2/1/2021,133.75,135.380005,130.929993,134.139999,133.31813,106239800
2/2/2021,135.729996,136.309998,134.610001,134.990005,134.162933,83305400
2/3/2021,135.759995,135.770004,133.610001,133.940002,133.119354,89880900
2/4/2021,136.300003,137.399994,134.589996,137.389999,136.548203,84183100
2/5/2021,137.350006,137.419998,135.860001,136.759995,136.125168,75693800
2/8/2021,136.029999,136.960007,134.919998,136.910004,136.27449,71297200
2/9/2021,136.619995,137.880005,135.850006,136.009995,135.378647,76774200
2/10/2021,136.479996,136.990005,134.399994,135.389999,134.761536,73046600
2/11/2021,135.899994,136.389999,133.770004,135.130005,134.502747,64280000
2/12/2021,134.350006,135.529999,133.690002,135.369995,134.741623,60145100
2/16/2021,135.490005,136.009995,132.789993,133.190002,132.571747,80576300
2/17/2021,131.25,132.220001,129.470001,130.839996,130.232651,97918500
2/18/2021,129.199997,130,127.410004,129.710007,129.10791,96856700
2/19/2021,130.240005,130.710007,128.800003,129.869995,129.267151,87668800
2/22/2021,128.009995,129.720001,125.599998,126,125.415123,103916400
2/23/2021,123.760002,126.709999,118.389999,125.860001,125.275772,158273000
2/24/2021,124.940002,125.559998,122.230003,125.349998,124.768143,111039900
2/25/2021,124.68,126.459999,120.540001,120.989998,120.428375,148199500
2/26/2021,122.589996,124.849998,121.199997,121.260002,120.697128,164560400
3/1/2021,123.75,127.93,122.790001,127.790001,127.196815,116307900
3/2/2021,128.410004,128.720001,125.010002,125.120003,124.539215,102260900
3/3/2021,124.809998,125.709999,121.839996,122.059998,121.493416,112966300
3/4/2021,121.75,123.599998,118.620003,120.129997,119.572365,178155000
3/5/2021,120.980003,121.940002,117.57,121.419998,120.856384,153766600
3/8/2021,120.93,121,116.209999,116.360001,115.81987,154376600
3/9/2021,119.029999,122.059998,118.790001,121.089996,120.527916,129525800
3/10/2021,121.690002,122.169998,119.449997,119.980003,119.423073,111943300
3/11/2021,122.540001,123.209999,121.260002,121.959999,121.393883,103026500
3/12/2021,120.400002,121.169998,119.160004,121.029999,120.468185,88105100
3/15/2021,121.410004,124,120.419998,123.989998,123.414452,92403800
3/16/2021,125.699997,127.220001,124.720001,125.57,124.987122,115227900
3/17/2021,124.050003,125.860001,122.339996,124.760002,124.180885,111932600
3/18/2021,122.879997,123.18,120.32,120.529999,119.970512,121229700
3/19/2021,119.900002,121.43,119.68,119.989998,119.433022,185549500
3/22/2021,120.330002,123.870003,120.260002,123.389999,122.817245,111912300
3/23/2021,123.330002,124.239998,122.139999,122.540001,121.971184,95467100
3/24/2021,122.82,122.900002,120.07,120.089996,119.532555,88530500
3/25/2021,119.540001,121.660004,119,120.589996,120.030228,98844700
3/26/2021,120.349998,121.480003,118.919998,121.209999,120.647354,94071200
3/29/2021,121.650002,122.580002,120.730003,121.389999,120.826523,80819200
3/30/2021,120.110001,120.400002,118.860001,119.900002,119.343437,85671900
3/31/2021,121.650002,123.519997,121.150002,122.150002,121.583,118323800
4/1/2021,123.660004,124.18,122.489998,123,122.429047,75089100
4/5/2021,123.870003,126.160004,123.07,125.900002,125.315598,88651200
4/6/2021,126.5,127.129997,125.650002,126.209999,125.624153,80171300
4/7/2021,125.830002,127.919998,125.139999,127.900002,127.306313,83466700
4/8/2021,128.949997,130.389999,128.520004,130.360001,129.754883,88844600
4/9/2021,129.800003,133.039993,129.470001,133,132.382614,106686700
4/12/2021,132.520004,132.850006,130.630005,131.240005,130.630814,91420000
4/13/2021,132.440002,134.660004,131.929993,134.429993,133.806,91266500
4/14/2021,134.940002,135,131.660004,132.029999,131.41713,87222800
4/15/2021,133.820007,135,133.639999,134.5,133.875671,89347100
4/16/2021,134.300003,134.669998,133.279999,134.160004,133.537262,84922400
4/19/2021,133.509995,135.470001,133.339996,134.839996,134.214096,94264200
4/20/2021,135.020004,135.529999,131.809998,133.110001,132.492126,94812300
4/21/2021,132.360001,133.75,131.300003,133.5,132.88031,68847100
4/22/2021,133.039993,134.149994,131.410004,131.940002,131.32756,84566500
4/23/2021,132.160004,135.119995,132.160004,134.320007,133.696503,78657500
4/26/2021,134.830002,135.059998,133.559998,134.720001,134.09465,66905100
4/27/2021,135.009995,135.410004,134.110001,134.389999,133.76619,66015800
4/28/2021,134.309998,135.020004,133.080002,133.580002,132.959946,107760100
4/29/2021,136.470001,137.070007,132.449997,133.479996,132.860397,151101000
4/30/2021,131.779999,133.559998,131.070007,131.460007,130.849792,109839500
5/3/2021,132.039993,134.070007,131.830002,132.539993,131.924744,75135100
5/4/2021,131.190002,131.490005,126.699997,127.849998,127.256538,137564700
5/5/2021,129.199997,130.449997,127.970001,128.100006,127.505386,84000900
5/6/2021,127.889999,129.75,127.129997,129.740005,129.137772,78128300
5/7/2021,130.850006,131.259995,129.479996,130.210007,129.825729,78973300
5/10/2021,129.410004,129.539993,126.809998,126.849998,126.475647,88071200
5/11/2021,123.5,126.269997,122.769997,125.910004,125.538422,126142800
5/12/2021,123.400002,124.639999,122.25,122.769997,122.407684,112172300
5/13/2021,124.580002,126.150002,124.260002,124.970001,124.601196,105861300
5/14/2021,126.25,127.889999,125.849998,127.449997,127.073868,81918000
5/17/2021,126.82,126.93,125.169998,126.269997,125.897346,74244600
5/18/2021,126.559998,126.989998,124.779999,124.849998,124.481544,63342900
5/19/2021,123.160004,124.919998,122.860001,124.690002,124.322021,92612000
5/20/2021,125.230003,127.720001,125.099998,127.309998,126.934288,76857100
5/21/2021,127.82,128,125.209999,125.43,125.059837,79295400
5/24/2021,126.010002,127.940002,125.940002,127.099998,126.724907,63092900
5/25/2021,127.82,128.320007,126.32,126.900002,126.525497,72009500
5/26/2021,126.959999,127.389999,126.419998,126.849998,126.475647,56575900
5/27/2021,126.440002,127.639999,125.080002,125.279999,124.910278,94625600
5/28/2021,125.57,125.800003,124.550003,124.610001,124.242256,71311100
6/1/2021,125.080002,125.349998,123.940002,124.279999,123.913231,67637100
6/2/2021,124.279999,125.239998,124.050003,125.059998,124.690926,59278900
6/3/2021,124.68,124.849998,123.129997,123.540001,123.175415,76229200
6/4/2021,124.07,126.160004,123.849998,125.889999,125.518478,75169300
6/7/2021,126.169998,126.32,124.830002,125.900002,125.52845,71057600
6/8/2021,126.599998,128.460007,126.209999,126.739998,126.365967,74403800
6/9/2021,127.209999,127.75,126.519997,127.129997,126.754814,56877900
6/10/2021,127.019997,128.190002,125.940002,126.110001,125.737831,71186400
6/11/2021,126.529999,127.440002,126.099998,127.349998,126.974167,53522400
6/14/2021,127.82,130.539993,127.07,130.479996,130.094925,96906500
6/15/2021,129.940002,130.600006,129.389999,129.639999,129.257401,62746300
6/16/2021,130.369995,130.889999,128.460007,130.149994,129.7659,91815000
6/17/2021,129.800003,132.550003,129.649994,131.789993,131.401062,96721700
6/18/2021,130.710007,131.509995,130.240005,130.460007,130.074997,108953300
6/21/2021,130.300003,132.410004,129.210007,132.300003,131.909561,79663300
6/22/2021,132.130005,134.080002,131.619995,133.979996,133.584595,74783600
6/23/2021,133.770004,134.320007,133.229996,133.699997,133.305435,60214200
6/24/2021,134.449997,134.639999,132.929993,133.410004,133.016281,68711000
6/25/2021,133.460007,133.889999,132.809998,133.110001,132.717178,70783700
6/28/2021,133.410004,135.25,133.350006,134.779999,134.382233,62111300
6/29/2021,134.800003,136.490005,134.350006,136.330002,135.927658,64556100
6/30/2021,136.169998,137.410004,135.869995,136.960007,136.555817,63261400
7/1/2021,136.600006,137.330002,135.759995,137.270004,136.864899,52485800
7/2/2021,137.899994,140,137.75,139.960007,139.546967,78852600
7/6/2021,140.070007,143.149994,140.070007,142.020004,141.600876,108181800
7/7/2021,143.539993,144.889999,142.660004,144.570007,144.143356,104911600
7/8/2021,141.580002,144.059998,140.669998,143.240005,142.817276,105575500
7/9/2021,142.75,145.649994,142.649994,145.110001,144.681763,99890800
7/12/2021,146.210007,146.320007,144,144.5,144.073547,76299700
7/13/2021,144.029999,147.460007,143.630005,145.639999,145.21019,100827100
7/14/2021,148.100006,149.570007,147.679993,149.149994,148.709824,127050800
7/15/2021,149.240005,150,147.089996,148.479996,148.041809,106820300
7/16/2021,148.460007,149.759995,145.880005,146.389999,145.957977,93251400
7/19/2021,143.75,144.070007,141.669998,142.449997,142.029602,121434600
7/20/2021,143.460007,147.100006,142.960007,146.149994,145.718689,96350000
7/21/2021,145.529999,146.130005,144.630005,145.399994,144.970886,74993500
7/22/2021,145.940002,148.199997,145.809998,146.800003,146.36676,77338200
7/23/2021,147.550003,148.720001,146.919998,148.559998,148.121567,71447400
7/26/2021,148.270004,149.830002,147.699997,148.990005,148.550308,72434100
7/27/2021,149.119995,149.210007,145.550003,146.770004,146.336853,104818600
7/28/2021,144.809998,146.970001,142.539993,144.979996,144.552124,118931200
7/29/2021,144.690002,146.550003,144.580002,145.639999,145.21019,56699500
7/30/2021,144.380005,146.330002,144.110001,145.860001,145.429535,70382000
8/2/2021,146.360001,146.949997,145.25,145.520004,145.090561,62880000
8/3/2021,145.809998,148.039993,145.179993,147.360001,146.92511,64786600
8/4/2021,147.270004,147.789993,146.279999,146.949997,146.516327,56368300
8/5/2021,146.979996,147.839996,146.169998,147.059998,146.626007,46397700
8/6/2021,146.350006,147.110001,145.630005,146.139999,145.927017,54067400
8/9/2021,146.199997,146.699997,145.520004,146.089996,145.87709,48908700
8/10/2021,146.440002,147.710007,145.300003,145.600006,145.387817,69023100
8/11/2021,146.050003,146.720001,145.529999,145.860001,145.64743,48493500
8/12/2021,146.190002,149.050003,145.839996,148.889999,148.673019,72282600
8/13/2021,148.970001,149.440002,148.270004,149.100006,148.882721,59318800
8/16/2021,148.539993,151.190002,146.470001,151.119995,150.899765,103296000
8/17/2021,150.229996,151.679993,149.089996,150.190002,149.97113,92229700
8/18/2021,149.800003,150.720001,146.149994,146.360001,146.146698,86326000
8/19/2021,145.029999,148,144.5,146.699997,146.486206,86960300
8/20/2021,147.440002,148.5,146.779999,148.190002,147.974045,59947400
8/23/2021,148.309998,150.190002,147.889999,149.710007,149.491837,60131800
8/24/2021,149.449997,150.860001,149.149994,149.619995,149.401947,48606400
8/25/2021,149.809998,150.320007,147.800003,148.360001,148.143784,58991300
8/26/2021,148.350006,149.119995,147.509995,147.539993,147.324982,48597200
8/27/2021,147.479996,148.75,146.830002,148.600006,148.383453,55721500
8/30/2021,149,153.490005,148.610001,153.119995,152.896851,90956700
8/31/2021,152.660004,152.800003,151.289993,151.830002,151.608734,86453100
9/1/2021,152.830002,154.979996,152.339996,152.509995,152.287735,80313700
9/2/2021,153.869995,154.720001,152.399994,153.649994,153.426071,71115500
9/3/2021,153.759995,154.630005,153.089996,154.300003,154.075134,57808700
9/7/2021,154.970001,157.259995,154.389999,156.690002,156.461655,82278300
9/8/2021,156.979996,157.039993,153.979996,155.110001,154.883957,74420200
9/9/2021,155.490005,156.110001,153.949997,154.070007,153.845474,57305700
9/10/2021,155,155.479996,148.699997,148.970001,148.752899,140646400
9/13/2021,150.630005,151.419998,148.75,149.550003,149.332062,102404300
9/14/2021,150.350006,151.070007,146.910004,148.119995,147.904129,109296300
9/15/2021,148.559998,149.440002,146.369995,149.029999,148.812805,83281300
9/16/2021,148.440002,148.970001,147.220001,148.789993,148.573151,68034100
9/17/2021,148.820007,148.820007,145.759995,146.059998,145.847137,129868800
9/20/2021,143.800003,144.839996,141.270004,142.940002,142.731689,123478900
9/21/2021,143.929993,144.600006,142.779999,143.429993,143.220963,75834000
9/22/2021,144.449997,146.429993,143.699997,145.850006,145.637451,76404300
9/23/2021,146.649994,147.080002,145.639999,146.830002,146.616028,64838200
9/24/2021,145.660004,147.470001,145.559998,146.919998,146.705887,53477900
9/27/2021,145.470001,145.960007,143.820007,145.369995,145.158142,74150700
9/28/2021,143.25,144.75,141.690002,141.910004,141.703186,108972300
9/29/2021,142.470001,144.449997,142.029999,142.830002,142.621857,74602000
9/30/2021,143.660004,144.380005,141.279999,141.5,141.293793,88934200
10/1/2021,141.899994,142.919998,139.110001,142.649994,142.442108,94639600
10/4/2021,141.759995,142.210007,138.270004,139.139999,138.937225,98322000
10/5/2021,139.490005,142.240005,139.360001,141.110001,140.904358,80861100
10/6/2021,139.470001,142.149994,138.369995,142,141.79306,83221100
10/7/2021,143.059998,144.220001,142.720001,143.289993,143.081177,61732700
10/8/2021,144.029999,144.179993,142.559998,142.899994,142.691742,58718700
10/11/2021,142.270004,144.809998,141.809998,142.809998,142.601883,64452200
10/12/2021,143.229996,143.25,141.039993,141.509995,141.303772,73035900
10/13/2021,141.240005,141.399994,139.199997,140.910004,140.704651,78762700
10/14/2021,142.110001,143.880005,141.509995,143.759995,143.550491,69907100
10/15/2021,143.770004,144.899994,143.509995,144.839996,144.628922,67885200
10/18/2021,143.449997,146.839996,143.160004,146.550003,146.336426,85589200
10/19/2021,147.009995,149.169998,146.550003,148.759995,148.543198,76378900
10/20/2021,148.699997,149.75,148.119995,149.259995,149.04248,58418800
10/21/2021,148.809998,149.639999,147.869995,149.479996,149.262146,61421000
10/22/2021,149.690002,150.179993,148.639999,148.690002,148.473312,58883400
10/25/2021,148.679993,149.369995,147.619995,148.639999,148.423386,50720600
10/26/2021,149.330002,150.839996,149.009995,149.320007,149.102402,60893400
10/27/2021,149.360001,149.729996,148.490005,148.850006,148.633087,56094900
10/28/2021,149.820007,153.169998,149.720001,152.570007,152.347656,100077900
10/29/2021,147.220001,149.940002,146.410004,149.800003,149.581696,124850400
11/1/2021,148.990005,149.699997,147.800003,148.960007,148.74292,74588300
11/2/2021,148.660004,151.570007,148.649994,150.020004,149.801376,69122000
11/3/2021,150.389999,151.970001,149.820007,151.490005,151.269241,54511500
11/4/2021,151.580002,152.429993,150.639999,150.960007,150.740005,60394600
11/5/2021,151.889999,152.199997,150.059998,151.279999,151.279999,65414600
11/8/2021,151.410004,151.570007,150.160004,150.440002,150.440002,55020900
11/9/2021,150.199997,151.429993,150.059998,150.809998,150.809998,56787900
11/10/2021,150.020004,150.130005,147.850006,147.919998,147.919998,65187100
11/11/2021,148.960007,149.429993,147.679993,147.869995,147.869995,41000000
11/12/2021,148.429993,150.399994,147.479996,149.990005,149.990005,63632600
11/15/2021,150.369995,151.880005,149.429993,150,150,59222800
11/16/2021,149.940002,151.490005,149.339996,151,151,59256200
11/17/2021,151,155,150.990005,153.490005,153.490005,88807000
11/18/2021,153.710007,158.669998,153.050003,157.869995,157.869995,137827700
11/19/2021,157.649994,161.020004,156.529999,160.550003,160.550003,117147500
